Brand,Capacity,Car_Wash,City,Country,Email,Fuel_Diesel,Fuel_Octane_91,Fuel_Octane_95,Fuel_Octane_98,Full_Service,Hours,House_Number,ID,Latitude,Longitude,Name,Operator,Payment_Cash,Phone Number,Postal_Code,Province,Self_Service,Street,Website,geometry
Petro-Canada,,,Toronto,,,no,,,,,,55,59566141,43.6447004,-79.3943053,Petro-Canada,,,+1-416-977-3653,M5V 2J2,,,Spadina Avenue,,POINT (-79.3943053 43.6447004)
Shell,,,Toronto,,,no,,,,,,38,59566148,43.6442632,-79.3949107,Shell,,,,,,,Spadina Avenue,,POINT (-79.3949107 43.6442632)
Petro-Canada,,,,,,no,,,,,"Mo-Su,PH 00:00-18:00+",,60360215,43.7608533,-79.4992745,Petro-Canada,,,,,,,,,POINT (-79.4992745 43.7608533)
Esso,,,Toronto,,,no,,,,,,150,60930901,43.6759496,-79.4032127,Esso,,,,M5R 2E6,,,Dupont Street,https://www.esso.ca/,POINT (-79.4032127 43.6759496)
Canadian Tire,,,,,,yes,,,,,24/7,,60930943,43.6730828,-79.3875424,Canadian Tire,,,,,,,,,POINT (-79.3875424 43.6730828)
Petro-Canada,,,,,,,,,,yes,,,68531838,43.6957852,-79.5208324,Petro-Canada,,,,,,,,,POINT (-79.5208324 43.6957852)
,,,,,,,,,,,,,158707499,43.6686550,-79.4393676,OLCO,,,,,,,,,POINT (-79.4393676 43.668655)
Shell,,,,,,,,,,,,,158713940,43.6675387,-79.4440436,Shell,,,,,,,,,POINT (-79.4440436 43.6675387)
Shell,,,,,,yes,,,,,,1077,240433355,43.6793882,-79.3901991,Shell,,,,,,yes,Yonge Street,,POINT (-79.3901991 43.6793882)
Shell,,,Toronto,,,,,,,,,1586,243420883,43.6869409,-79.4200654,Shell,,,+1-416-656-9970,,,yes,Bathurst Street,,POINT (-79.4200654 43.6869409)
7-Eleven,,,,,,,,,,,,,244885892,43.6511228,-79.4112643,7-Eleven,,,,,,,,https://www.7-eleven.com/,POINT (-79.4112643 43.6511228)
Esso,,,Toronto,,,no,,,,,,381,251047415,43.6986546,-79.3861777,Esso,,,,M4S 2L5,,,Mount Pleasant Road,https://www.esso.ca/,POINT (-79.3861777 43.6986546)
Husky,,,Toronto,,,,,,,,,,253719789,43.6817280,-79.4672250,Husky,,,,,,,,,POINT (-79.467225 43.681728)
Esso,,,Toronto,,,no,,,,,,241,253937975,43.6567920,-79.3769278,Esso,,,,,,yes,Church Street,https://www.esso.ca/,POINT (-79.3769278 43.656792)
Petro-Canada,,,Scarborough,,,yes,,,,,24/7,1525,257892304,43.7900818,-79.2367453,Petro-Canada,,,,,,yes,Markham Road,,POINT (-79.2367453 43.7900818)
Esso,,,Scarborough,,,,,,,,,1641,257892308,43.7936463,-79.2379312,Esso,,,,,,yes,Markham Road,,POINT (-79.23793120000001 43.7936463)
Petro-Canada,,,,,,,,,,,,,257892320,43.7939789,-79.2396635,Petro-Canada,,,,,,,,,POINT (-79.23966350000001 43.7939789)
Petro-Canada,,,,,,yes,,,,,,,260338061,43.6549750,-79.4597195,Petro-Canada,,,,,,yes,,,POINT (-79.45971950000001 43.654975)
Esso,,,,,,no,,,,,,,260990913,43.6975851,-79.3291251,Esso,,,,,,,,https://www.esso.ca/,POINT (-79.3291251 43.6975851)
Shell,,,,,,no,,,,,,,260990951,43.6974267,-79.3298547,Shell,,,,,,,,,POINT (-79.3298547 43.6974267)
Shell,,,,,,,,,,,,,260994698,43.7324115,-79.2687314,Shell,,,,,,,,,POINT (-79.26873139999999 43.7324115)
,,,,,,,,,,,,,260994725,43.7319401,-79.2709512,Geo Food & Gas Bar,,,,,,,,,POINT (-79.2709512 43.7319401)
Petro-Canada,,,,,,yes,,,,,24/7,,260994877,43.7263333,-79.2968893,Petro-Canada,,,,,,,,,POINT (-79.2968893 43.7263333)
Esso,,,North York,,,,,,,,,1725,260995055,43.7257254,-79.3141841,Esso,,,,,,,Eglinton Avenue East,https://www.esso.ca/,POINT (-79.31418410000001 43.7257254)
Shell,,,Toronto,,,no,,,,,,1800,260995132,43.7117461,-79.3776458,Shell,,,+1-416-489-8472,M4G 3C6,,,Bayview Avenue,,POINT (-79.3776458 43.7117461)
Canadian Tire,,,,,,,,,,,,,262253512,43.7196162,-79.3048256,Canadian Tire,,,,,,,,,POINT (-79.3048256 43.7196162)
Petro-Canada,,,,,,no,,,,,,,265014946,43.7497505,-79.2756348,Petro-Canada,,,,,,,,,POINT (-79.27563480000001 43.7497505)
Shell,,,,,,,,,,,,,265679164,43.7696842,-79.3762903,Shell,,,,,,,,,POINT (-79.37629029999999 43.7696842)
Esso,,,,,,,,,,,,,266579047,43.6910397,-79.2878587,Esso,,,,,,,,https://www.esso.ca/,POINT (-79.2878587 43.6910397)
Mobil,,,,,,,,,,,,,266579078,43.6870538,-79.2871128,Mobil,,,,,,,,,POINT (-79.2871128 43.6870538)
Petro-Canada,,,,,,,,,,,,,269450988,43.6865034,-79.3081922,Petro-Canada,,,,,,,,,POINT (-79.30819219999999 43.6865034)
Petro-Canada,,,Toronto,,,no,,,,,,115,270858365,43.6529039,-79.3724356,Petro-Canada,,,,,,,Jarvis Street,,POINT (-79.3724356 43.6529039)
,,,,,,,,,,,,,271628208,43.6834224,-79.3011072,Everest Petro Pump,,,,,,,,,POINT (-79.3011072 43.6834224)
Petro-Canada,,,East York,,,yes,,,,,24/7,8,272322894,43.7050839,-79.3491731,Petro-Canada,,,,,,,Thorncliffe Park Drive,,POINT (-79.3491731 43.7050839)
Esso,,,Toronto,,,,,,,,,952,273325216,43.6422213,-79.4124566,Esso,,,,M6K 1E4,,,King Street West,,POINT (-79.4124566 43.6422213)
Esso,,,North York,,,no,,,,,,1840,276270556,43.7135510,-79.3781082,Esso,,,,,,,Bayview Avenue,https://www.esso.ca/,POINT (-79.3781082 43.713551)
Esso,,,East York,,,,,,,,,61,276834986,43.7071035,-79.3440463,Esso,,,,,,,Overlea Boulevard,https://www.esso.ca/,POINT (-79.3440463 43.7071035)
,,,,,,,,,,,,,276835361,43.6901149,-79.3492651,Eagle Gas,,,,,,,,,POINT (-79.3492651 43.6901149)
,,,,,,,,,,,,,279217379,43.6868074,-79.3343779,Global,,,,,,,,,POINT (-79.33437790000001 43.6868074)
,,,,,,,,,,,,,280367093,43.7071602,-79.3046014,Petro (St. Clair Petroleum Limited),,,,,,,,,POINT (-79.3046014 43.7071602)
Petro-Canada,,,,,,yes,,,,,,,280889577,43.6664991,-79.3779890,Petro-Canada,,,,,,,,,POINT (-79.377989 43.6664991)
Esso,,,,,,,,,,,,,281140834,43.7079788,-79.3003925,Esso,,,,,,,,,POINT (-79.3003925 43.7079788)
Petro-Canada,,,,,,,,,,,,,288058387,43.7044468,-79.4079557,Petro-Canada,,,,,,,,,POINT (-79.4079557 43.7044468)
,,,,,,,,,,,,,295299587,43.6922847,-79.2843382,Gas Fuel Avenue,,,,,,,,,POINT (-79.28433819999999 43.6922847)
Esso,,,,,,yes,,,,,,1500,296210172,43.7931988,-79.3541984,Esso,,,,,,yes,Finch Avenue East,https://www.esso.ca/,POINT (-79.3541984 43.7931988)
Petro-Canada,,,,,,no,,,,,,,296244858,43.7879247,-79.3528251,Petro-Canada,,,,,,,,,POINT (-79.3528251 43.7879247)
Esso,,,North York,,,yes,,,,,,2500,298532545,43.7754962,-79.3478679,Esso,,,,,,yes,Don Mills Road,https://www.esso.ca/,POINT (-79.3478679 43.7754962)
Esso,,,North York,,,no,,,,,,800,299281852,43.7349919,-79.3556312,Esso,,,,,,yes,Lawrence Avenue East,https://www.esso.ca/,POINT (-79.3556312 43.7349919)
Shell,,,,,,yes,,,,,24/7,,299299333,43.7438257,-79.4059626,Shell,,,,,,,,,POINT (-79.4059626 43.7438257)
Petro-Canada,,,North York,,,yes,,,,,,800,302171951,43.7535577,-79.3596622,Petro-Canada,,,,,,yes,York Mills Road,,POINT (-79.3596622 43.7535577)
Esso,,,,,,yes,,,,,,,302180552,43.7555842,-79.3600588,Esso,,,,,,yes,,https://www.esso.ca/,POINT (-79.3600588 43.7555842)
Esso,,,,,,no,,,,,,,302416642,43.8053933,-79.3851843,Esso,,,,,,,,,POINT (-79.38518430000001 43.8053933)
Petro-Canada,,,North York,,,no,,,,,,1571,307861051,43.7059249,-79.4880121,Petro-Canada,,,,,,,Lawrence Avenue West,,POINT (-79.48801210000001 43.7059249)
Husky,,,,,,yes,,,,yes,,,314146942,43.7035846,-79.3610537,Husky,,,,,,,,,POINT (-79.3610537 43.7035846)
Esso,,,,,,yes,,,,,,,314151061,43.7024383,-79.3580022,Esso,,,,,,,,https://www.esso.ca/,POINT (-79.3580022 43.7024383)
Petro-Canada,,,,,,,,,,,24/7,,331342380,43.7152430,-79.4467578,Petro-Canada,,,,,,,,,POINT (-79.4467578 43.715243)
Husky,,,North York,,,no,,,,,,689,331342381,43.7153990,-79.4460346,Husky,,,,,,,Lawrence Avenue West,,POINT (-79.4460346 43.715399)
Shell,,,North York,,,yes,,,,,,3070,331343705,43.7143057,-79.4554892,Shell,,,+1-416-785-5425,M6A 2S6,,yes,Dufferin Street,,POINT (-79.4554892 43.7143057)
Petro-Canada,,,North York,,,,,,,,,4384,339534484,43.7551831,-79.4389332,Petro-Canada,,,,,,,Bathurst Street,,POINT (-79.43893319999999 43.7551831)
Esso,,,,,,,,,,,,,339550978,43.7229219,-79.4563071,Esso,,,,,,,,https://www.esso.ca/,POINT (-79.4563071 43.7229219)
Husky,,,,,,,,,,,,,339551801,43.7325097,-79.4594282,Husky,,,,,,yes,,,POINT (-79.4594282 43.7325097)
Shell,,,,,,,,,,,,,339551805,43.7325207,-79.4583315,Shell,,,,,,yes,,,POINT (-79.4583315 43.7325207)
Petro-Canada,,,,,,,,,,yes,,,339551808,43.7320074,-79.4583659,Petro-Canada,,,,,,,,,POINT (-79.4583659 43.7320074)
,,,Scarborough,,,,,,,,,1723,339912917,43.7366682,-79.3071473,Global,,,,,,,Victoria Park Avenue,,POINT (-79.3071473 43.7366682)
,,,,,,yes,,,,,,,344538973,43.6868599,-79.3557280,Mega Gas,,,,,,,,,POINT (-79.355728 43.6868599)
Esso,,,Scarborough,,,,,,,,,6780,356495830,43.7989645,-79.1472276,Esso,,,,,,,Kingston Road,https://www.esso.ca/,POINT (-79.14722759999999 43.7989645)
Shell,,,,,,yes,,,,,,,356495838,43.7969672,-79.1485824,Shell,,,,,,,,,POINT (-79.1485824 43.7969672)
Pioneer,,,,,,,,,,,,,356495853,43.8019077,-79.1410686,Pioneer,,,,,,,,,POINT (-79.1410686 43.8019077)
Esso,,,Etobicoke,,,,,,,,,280,360477709,43.6809260,-79.5094986,Esso,,,,,,yes,Scarlett Road,https://www.esso.ca/,POINT (-79.5094986 43.680926)
Esso,,,,,,yes,,,,,,,360997920,43.7346188,-79.6173128,Esso,,,,,,,,,POINT (-79.61731279999999 43.7346188)
Petro-Canada,,,,,,no,,,,,24/7,,364169641,43.7598096,-79.5907774,Petro-Canada,,,,,,,,,POINT (-79.59077739999999 43.7598096)
Canadian Tire,,,,,,,,,,,,,364266568,43.7424240,-79.5948733,Canadian Tire,Canadian Tire,,,,,yes,,,POINT (-79.5948733 43.742424)
Esso,,,,,,yes,,,,,,,365846620,43.7576587,-79.5185157,Esso,,,,,,,,https://www.esso.ca/,POINT (-79.51851569999999 43.7576587)
Canadian Tire,,,,,,,,,,,,,366318103,43.7249426,-79.4809736,Canadian Tire,,,,,,,,,POINT (-79.4809736 43.7249426)
Shell,,,,,,,,,,,,,367083549,43.8180478,-79.3040540,Shell,,,,,,yes,,,POINT (-79.30405399999999 43.8180478)
Esso,,,,,,yes,,,,,,,367098105,43.8017655,-79.2961690,Esso,,,,,,,,,POINT (-79.29616900000001 43.8017655)
Petro-Canada,,,,,,no,,,,,,,367098106,43.8007711,-79.2966996,Petro-Canada,,,,,,yes,,,POINT (-79.2966996 43.8007711)
Shell,,,,,,yes,,,,,,,368142514,43.7099497,-79.5350056,Shell,,,,,,,,,POINT (-79.53500560000001 43.7099497)
Petro-Canada,,,,,,,,,,,,,370202085,43.7436678,-79.6066513,Petro-Canada,,,,,,,,,POINT (-79.6066513 43.7436678)
Shell,,,,,,yes,,,,,,,370202086,43.7437888,-79.6080503,Shell,,,,,,,,,POINT (-79.6080503 43.7437888)
,,,,,,,,,,,,,370202209,43.7433288,-79.6047174,Petro-Canada Wholesale,,,,,,,,,POINT (-79.6047174 43.7433288)
Husky,,,Etobicoke,,,yes,,,,,,1498,370216400,43.6906394,-79.5305671,Husky,,,,,,,Royal York Road,,POINT (-79.5305671 43.6906394)
,,,Etobicoke,,,,,,,,,920,370219568,43.7354375,-79.5608373,Top Valu,,,+1-416-741-8388,M9V 1A4,,yes,Albion Road,,POINT (-79.5608373 43.7354375)
Shell,,,,,,no,,,,,,,370221007,43.7400714,-79.5810566,Shell,,,,,,yes,,,POINT (-79.5810566 43.7400714)
Esso,,,,,,,,,,,,,371382790,43.6483719,-79.4851276,Esso,,,,,,,,https://www.esso.ca/,POINT (-79.4851276 43.6483719)
Shell,,,,,,,,,,,,,371841982,43.7140520,-79.2705063,Shell,,,,,,,,,POINT (-79.27050629999999 43.714052)
Esso,,,,,,yes,,,,,,,380040581,43.6505934,-79.3676496,Esso,,,,,,,,,POINT (-79.36764959999999 43.6505934)
Petro-Canada,,,,,,,,,,,,,380160363,43.6363210,-79.4753929,Petro-Canada,,,,,,,,,POINT (-79.4753929 43.636321)
Esso,,,Scarborough,,,yes,,,,,,3930,380199494,43.7643825,-79.2053096,Esso,,,,,,,Lawrence Avenue East,,POINT (-79.20530960000001 43.7643825)
Shell,,,,,,,,,,,,,380199498,43.7601259,-79.2259714,Shell,,,,,,,,,POINT (-79.22597140000001 43.7601259)
Petro-Canada,,,,,,no,,,,,,,380199500,43.7580987,-79.2348564,Petro-Canada,,,,,,yes,,,POINT (-79.2348564 43.7580987)
Shell,,,,,,yes,,,,,24/7,,380199508,43.7551246,-79.2459789,Shell,,,,,,,,,POINT (-79.2459789 43.7551246)
Esso,,,,,,no,,,,,,,380202731,43.7512861,-79.2645946,Esso,,,,,,yes,,,POINT (-79.2645946 43.7512861)
Esso,,,,,,,,,,,,,382800022,43.7172780,-79.2591010,Esso,,,,,,,,,POINT (-79.259101 43.717278)
Esso,,,,,,no,,,,,,,382850112,43.7757452,-79.2320702,Esso,,,,,,yes,,,POINT (-79.2320702 43.7757452)
Shell,,,Scarborough,,,yes,,,,,,1201,382850347,43.7770499,-79.2314972,Shell,,,,,,yes,Markham Road,,POINT (-79.23149720000001 43.7770499)
Petro-Canada,,,,,,yes,,,,,,,382873641,43.7818725,-79.2347980,Petro-Canada,,,,,,,,,POINT (-79.234798 43.7818725)
Esso,,,,,,yes,,,,,,,382895241,43.8128276,-79.2422112,Esso,,,,,,,,,POINT (-79.2422112 43.8128276)
,,,,,,yes,,,,,24/7,,382898659,43.8229722,-79.2479747,Value,,,,,,,,,POINT (-79.2479747 43.8229722)
Petro-Canada,,,,,,,,,,,,,383551117,43.7144189,-79.5818771,Petro-Canada,,,,,,,,,POINT (-79.5818771 43.7144189)
Esso,,,,,,yes,,,,,,,383551127,43.7017300,-79.5750479,Esso,,,,,,yes,,,POINT (-79.5750479 43.70173)
Petro-Canada,,,,,,yes,,,,,,,383551136,43.6904945,-79.5740249,Petro-Canada,,,,,,,,,POINT (-79.5740249 43.6904945)
Shell,,,Etobicoke,,,,,,,,,230,383562227,43.6751822,-79.5579263,Shell,,,,,,,Lloyd Manor Road,,POINT (-79.55792630000001 43.6751822)
Esso,,,Etobicoke,,,no,,,,,,2189,383937264,43.6231881,-79.4805717,Esso,,,,,,yes,Lake Shore Boulevard West,,POINT (-79.4805717 43.6231881)
Petro-Canada,,,,,,,,,,,,,385038540,43.6371516,-79.4715519,Petro-Canada,,,,,,yes,,,POINT (-79.47155189999999 43.6371516)
Esso,,,,,,,,,,,,,385626617,43.7345364,-79.2474693,Esso,,,,,,,,,POINT (-79.24746930000001 43.7345364)
Esso,,,North York,,,no,,,,,,461,386776803,43.7661302,-79.3884837,Esso,,,,,,,Sheppard Avenue East,https://www.esso.ca/,POINT (-79.38848369999999 43.7661302)
Shell,,,North York,,,yes,,,,,,2831,386776963,43.7664330,-79.3874714,Shell,,,,,,,Bayview Avenue,,POINT (-79.3874714 43.766433)
Esso,,,,,,no,,,,,,,387772007,43.7789546,-79.3086294,Esso,,,,,,,,https://www.esso.ca/,POINT (-79.3086294 43.7789546)
Petro-Canada,,,Scarborough,,,no,,,,,,3400,387772009,43.7792521,-79.3076282,Petro-Canada,,,,,,yes,Sheppard Avenue East,,POINT (-79.3076282 43.7792521)
Shell,,,Scarborough,,,,,,,,,3401,387772011,43.7785945,-79.3070377,Shell,,,,,,yes,Sheppard Avenue East,,POINT (-79.3070377 43.7785945)
Esso,,,North York,,,,,,,,,843,387787110,43.7227273,-79.3389559,Esso,,,,,,,Don Mills Road,https://www.esso.ca/,POINT (-79.3389559 43.7227273)
Petro-Canada,,,,,,,,,,yes,,,387788664,43.7746445,-79.2423324,Petro-Canada,,,,,,,,,POINT (-79.2423324 43.7746445)
Shell,,,,,,yes,,,,,,,387791575,43.7095463,-79.3337050,Shell,,,,,,yes,,,POINT (-79.33370499999999 43.7095463)
Petro-Canada,,,North York,,,yes,,,,,,1095,387792405,43.7368986,-79.3429127,Petro-Canada,,,,,,,Don Mills Road,,POINT (-79.3429127 43.7368986)
Esso,,,,,,,,,,,,,388286940,43.7404842,-79.3238604,Esso,,,,,,,,https://www.esso.ca/,POINT (-79.3238604 43.7404842)
Petro-Canada,,,,,,,,,,,,,388286941,43.7408681,-79.3197815,Petro-Canada,,,,,,,,,POINT (-79.3197815 43.7408681)
Shell,,,,,,yes,,,,,24/7,,388288307,43.7426434,-79.3094776,Shell,,,,,,,,,POINT (-79.30947759999999 43.7426434)
,,,,,,,,,,,,,389605047,43.6877157,-79.3480138,National Variety,,,,,,,,,POINT (-79.3480138 43.6877157)
Shell,,,,,,no,,,,,,,400707921,43.6548315,-79.3636852,Shell,,,,,,,,,POINT (-79.36368520000001 43.6548315)
Esso,,,,,,,,,,,,,401355059,43.6702242,-79.4662914,Esso,,,,,,,,https://www.esso.ca/,POINT (-79.4662914 43.6702242)
Esso,,,,,,yes,,,,,,,401360167,43.6361536,-79.3997160,Esso,,,,,,yes,,,POINT (-79.399716 43.6361536)
Esso,,,,,,yes,,,,,,,404845907,43.6545324,-79.3376443,Esso,,,,,,,,https://www.esso.ca/,POINT (-79.33764429999999 43.6545324)
Petro-Canada,,,Etobicoke,,,,,,,,,830,406297729,43.6392305,-79.5838489,Petro-Canada,,,,,,,Burnhamthorpe Road,,POINT (-79.58384890000001 43.6392305)
Shell,,,,,,,,,,,24/7,,406912792,43.7301517,-79.4676470,Shell,,,,,,,,,POINT (-79.467647 43.7301517)
Esso,,,,,,yes,,,,,24/7,,409158397,43.7185832,-79.2833994,Esso,,,,,,,,https://www.esso.ca/,POINT (-79.28339939999999 43.7185832)
Petro-Canada,,,,,,yes,,,,,,,410375779,43.7263939,-79.4815031,Petro-Canada,,,,,,,,,POINT (-79.4815031 43.7263939)
,,,North York,,,no,,,,,,1500,410375783,43.7214124,-79.5066579,Petroleum Plus,,,,,,,Wilson Avenue,,POINT (-79.50665789999999 43.7214124)
Shell,,,,,,no,,,,,,,410376893,43.7502883,-79.5493480,Shell,,,,,,,,,POINT (-79.54934799999999 43.7502883)
Esso,,,,,,yes,,,,,,,410376934,43.7523224,-79.5430157,Esso,,,,,,,,,POINT (-79.5430157 43.7523224)
Petro-Canada,,,,,,yes,,,,,24/7,,410376936,43.7567991,-79.5180495,Petro-Canada,,,,,,,,,POINT (-79.5180495 43.7567991)
Esso,,,,,,no,,,,,,,410799730,43.7682406,-79.4672558,Esso,,,,,,,,https://www.esso.ca/,POINT (-79.4672558 43.7682406)
Shell,,,North York,,,no,,,,,,4926,410800084,43.7734270,-79.4432461,Shell,,,,,,,Bathurst Street,,POINT (-79.4432461 43.773427)
Esso,,,Etobicoke,,,no,,,,,,1000,414752961,43.6237498,-79.5154818,Esso,,,,,,,The Queensway,,POINT (-79.5154818 43.6237498)
Petro-Canada,,,,,,yes,,,,,,,414983786,43.6103216,-79.5494820,Petro-Canada,,,,,,,,,POINT (-79.549482 43.6103216)
Esso,,,Etobicoke,,,no,,,,,,5470,414983804,43.6322414,-79.5452861,Esso,,,,,,yes,Dundas Street West,,POINT (-79.5452861 43.6322414)
Petro-Canada,,,,,,,,,,,,,417225784,43.7194424,-79.6028133,Petro-Canada,,,,,,,,,POINT (-79.60281329999999 43.7194424)
Husky,,,Etobicoke,,,yes,,,,,,408,417230636,43.6946720,-79.5582229,Husky,,,,,,,Dixon Road,,POINT (-79.5582229 43.694672)
Shell,,,Toronto,,,no,,,,,,3075,417232575,43.7196714,-79.4295390,Shell,,,,,,,Bathurst Street,,POINT (-79.42953900000001 43.7196714)
Esso,,,North York,,,yes,,,,,,3069,417232576,43.7190688,-79.4293094,Esso,,,,,,,Bathurst Street,https://www.esso.ca/,POINT (-79.42930939999999 43.7190688)
Esso,,,,,,,,,,,,,418987530,43.7483752,-79.2077148,Esso,,,,,,,,,POINT (-79.20771480000001 43.7483752)
,,,,,,,,,,,,,421358971,43.7446145,-79.3256091,Sunys,,,,,,,,,POINT (-79.32560909999999 43.7446145)
,,,,,,,,,,,,,422876191,43.7517952,-79.3363226,3 Valleys,,,,,,,,,POINT (-79.3363226 43.7517952)
Petro-Canada,,,,,,no,,,,,,,423019169,43.7583639,-79.3147462,Petro-Canada,,,,,,,,,POINT (-79.3147462 43.7583639)
Petro-Canada,,,,,,no,,,,,,,427687193,43.7695820,-79.2617600,Petro-Canada,,,,,,yes,,,POINT (-79.26176 43.769582)
Shell,,,Scarborough,,,,,,,,,5445,428457900,43.8306262,-79.2755563,Shell,,,,,,yes,Steeles Avenue East,,POINT (-79.27555630000001 43.8306262)
Petro-Canada,,,,,,,,,,,,,428545611,43.8078267,-79.1713655,Petro-Canada,,,,,,,,,POINT (-79.17136549999999 43.8078267)
Esso,,,,,,,,,,,,,432777547,43.6068436,-79.5208377,Esso,,,,,,,,,POINT (-79.5208377 43.6068436)
,,,,,,,,,,,,,432778825,43.6261406,-79.5284445,Global,,,,,,,,,POINT (-79.52844450000001 43.6261406)
Esso,,,,,,,,,,,,751,432778826,43.6277901,-79.5286585,Esso,,,,,,,Kipling Avenue,,POINT (-79.52865850000001 43.6277901)
Esso,,,,,,yes,,,,,24/7,,436015123,43.8349306,-79.2570853,Esso,,,,,,,,,POINT (-79.2570853 43.8349306)
Pioneer,,,,,,,,,,,,,436023009,43.7916805,-79.2480234,Pioneer,,,,,,,,,POINT (-79.24802339999999 43.7916805)
Petro-Canada,,,Scarborough,,,yes,,,,,24/7,3100,436049131,43.7855690,-79.1942562,Petro-Canada,,,,,,,Ellesmere Road,,POINT (-79.1942562 43.785569)
,,,,,,,,,,,,,436884435,43.7872594,-79.1508665,Amco Petroleum,,,,,,yes,,,POINT (-79.15086650000001 43.7872594)
,,,,,,,,,,,,,436884771,43.7827029,-79.1721979,Tru Value,,,,,,,,,POINT (-79.1721979 43.7827029)
Petro-Canada,,,North York,,,,,,,,,2250,437991658,43.7632898,-79.3180650,Petro-Canada,,,,,,,Victoria Park Avenue,,POINT (-79.318065 43.7632898)
Petro-Canada,,,North York,,,,,,,,,2500,437992214,43.7754153,-79.3238673,Petro-Canada,,,,,,,Sheppard Avenue East,,POINT (-79.3238673 43.7754153)
Shell,,,Scarborough,,,no,,,,,24/7,3101,437992871,43.7928830,-79.3306378,Shell,,,,,,yes,Victoria Park Avenue,,POINT (-79.33063780000001 43.792883)
Petro-Canada,,,,,,,,,,,,,437992872,43.7936775,-79.3309950,Petro-Canada,,,,,,,,,POINT (-79.330995 43.7936775)
Petro-Canada,,,Scarborough,,,no,,,,,,3815,437997210,43.8103390,-79.3386442,Petro-Canada,,,,,,,Victoria Park Avenue,,POINT (-79.3386442 43.810339)
Esso,,,North York,,,,,,,,,3400,437998668,43.8042404,-79.3370270,Esso,,,,,,,Victoria Park Avenue,,POINT (-79.33702700000001 43.8042404)
,,,Toronto,,,,,,,,,63,438069798,43.6963733,-79.2748648,Eagle Transmission,,,+1-416-691-7111,M1L 3W5,,,Danforth Avenue,,POINT (-79.2748648 43.6963733)
,,,Toronto,,,,,,,,24/7,1200,444673881,43.6632389,-79.3312004,Neon Gas Service,,,,M4M 1L7,,,Queen Street East,,POINT (-79.3312004 43.6632389)
Shell,,,,,,yes,,,,,,,474958364,43.8032466,-79.1923442,Shell,,,,,,,,,POINT (-79.19234419999999 43.8032466)
Esso,,,,,,yes,,,,,,,474958375,43.8015844,-79.1990185,Esso,,,,,,,,,POINT (-79.19901849999999 43.8015844)
Petro-Canada,,,,,,yes,,,,,,,474960368,43.7073015,-79.4527301,Petro-Canada,,,,,,,,,POINT (-79.4527301 43.7073015)
XTR,,,Toronto,,,,,,,yes,,,474965112,43.7354571,-79.4421919,XTR,,,,,,,,,POINT (-79.4421919 43.7354571)
Esso,,,Toronto,,,no,yes,,,,24/7,3750,474965305,43.7370675,-79.4344003,Esso,,,+1-416-636-1717,M3H 3M4,,,Bathurst Street,https://www.esso.ca/,POINT (-79.43440029999999 43.7370675)
Esso,,,Toronto,,,no,,,,yes,,866,490481635,43.6985731,-79.4063342,Esso,,,,M5P 2K3,,yes,Avenue Road,https://www.esso.ca/,POINT (-79.4063342 43.6985731)
Husky,,,Toronto,,,no,,,,,,861,490481636,43.6983197,-79.4055655,Husky,,,+1-416-489-0952,M5P 2K4,,yes,Avenue Road,,POINT (-79.40556549999999 43.6983197)
XTR,,,Toronto,,,no,,,,,,,501944082,43.6849150,-79.4478750,XTR,,,,,,,,,POINT (-79.447875 43.684915)
Pioneer,,,,,,,,,,,,,520035346,43.5970739,-79.5434995,Pioneer,,,,,,,,,POINT (-79.5434995 43.5970739)
Shell,,,,,,yes,,,,,,,520059699,43.6021833,-79.5449701,Shell,,,,,,,,,POINT (-79.5449701 43.6021833)
,,,,,,,,,,,,,534071164,43.8271199,-79.2909135,Canadian Petroleum,,,,,,,,,POINT (-79.2909135 43.8271199)
,,,Toronto,,,,,,,,,2314,540244329,43.7063009,-79.2519658,Jim's Gas,,,+1-416-267-6788,M1N 1T9,,,Kingston Road,,POINT (-79.25196579999999 43.7063009)
,,,,,,,,,,,,,540244336,43.7105022,-79.2482666,Mid-King Gas,,,,,,,,,POINT (-79.24826659999999 43.7105022)
Esso,,,North York,,,,,,,,,4696,540294861,43.7586670,-79.4105715,Esso,,,,,,,Yonge Street,https://www.esso.ca/,POINT (-79.4105715 43.758667)
Shell,,,,,,yes,,,,,,,544548503,43.7304118,-79.2257805,Shell,,,,,,,,,POINT (-79.2257805 43.7304118)
Pioneer,,,,,,,,,,,,,544548518,43.7315166,-79.2247578,Pioneer,,,,,,,,,POINT (-79.22475780000001 43.7315166)
Esso,,,Etobicoke,,,,,,,,,2291,547687737,43.7159374,-79.5551043,Esso,,,,,,,Islington Avenue,,POINT (-79.5551043 43.7159374)
Mobil,,,,,,yes,,,,,,,547711621,43.7641385,-79.5740544,Mobil,,,,,,,,,POINT (-79.57405439999999 43.7641385)
Shell,,,,,,,,,,,,,547734348,43.7707674,-79.5426639,Shell,,,,,,,,,POINT (-79.54266389999999 43.7707674)
Petro-Canada,,,,,,,,,,,,,549566661,43.6813699,-79.2809568,Petro-Canada,,,,,,,,,POINT (-79.2809568 43.6813699)
,,,,,,,,,,yes,,,549566662,43.6817790,-79.2799467,Top Valu,,,,,,,,,POINT (-79.2799467 43.681779)
Shell,,yes,,,,yes,,,,,,,559838318,43.6877722,-79.2834172,Shell,,,,,,yes,,,POINT (-79.2834172 43.6877722)
7-Eleven,,,North York,,,no,,,,,,3587,561040800,43.7324912,-79.4325398,7-Eleven,,,,,,,Bathurst Street,,POINT (-79.4325398 43.7324912)
Canadian Tire,,,,,,yes,,,,,,,562935173,43.7901651,-79.2596925,Canadian Tire,,,,,,,,,POINT (-79.2596925 43.7901651)
Esso,,,,,,yes,,,,,,,565583951,43.7813050,-79.2989199,Esso,,,,,,,,https://www.esso.ca/,POINT (-79.2989199 43.781305)
Petro-Canada,,,,,,yes,,,,yes,,,583911089,43.7022598,-79.3879187,Petro-Canada,,,,,,,,,POINT (-79.3879187 43.7022598)
Petro-Canada,,,Scarborough,,,,,,,,,1651,608760222,43.7718894,-79.2508251,Petro-Canada,,,,,,,Ellesmere Road,,POINT (-79.2508251 43.7718894)
Petro-Canada,,,,,,,,,,,,,609291728,43.7512385,-79.4570542,Petro-Canada,,,,,,,,,POINT (-79.4570542 43.7512385)
Esso,,,Scarborough,,,no,,,,,,2370,705225078,43.7499577,-79.2743046,Esso,,,,,,,Lawrence Avenue East,,POINT (-79.27430459999999 43.7499577)
Esso,,,,,,yes,,,,,,,707329187,43.7527866,-79.6243690,Esso,,,,,,,,,POINT (-79.624369 43.7527866)
Shell,,,,,,,,,,,,,712603520,43.7975432,-79.2832682,Shell,,,,,,,,,POINT (-79.28326819999999 43.7975432)
Petro-Canada,,,Etobicoke,,,,,,,,,365,729417892,43.6941327,-79.5581128,Petro-Canada,,,,,,,Dixon Road,,POINT (-79.5581128 43.6941327)
Petro-Canada,,,Scarborough,,,yes,,,,,,3905,1186821373,43.7827709,-79.2886250,Petro-Canada,,,,,,,Sheppard Avenue East,,POINT (-79.288625 43.7827709)
Petro-Canada,,,,,,,,,,,,,1268665790,43.6968659,-79.3721948,Petro-Canada,,,,,,,,,POINT (-79.3721948 43.6968659)
Petro-Canada,,,,,,,,,,,,,1434202179,43.6538800,-79.5999770,Petro-Canada,,,,,,,,,POINT (-79.599977 43.65388)
Shell,,,,,,,,,,,,,1451326162,43.7346502,-79.4201669,Shell,Shell,,,,,,,,POINT (-79.4201669 43.7346502)
Husky,,,,,,,,,,,,,1459408970,43.7897982,-79.1950258,Husky,,,,,,,,,POINT (-79.1950258 43.7897982)
Shell,,,Toronto,,,,,,,,24/7,2799,1518513714,43.6016130,-79.5003951,Shell,,,,,,yes,Lake Shore Boulevard West,,POINT (-79.50039510000001 43.601613)
Petro-Canada,,,Toronto,,,,,,,,,2460,1527745265,43.6692640,-79.4831290,Petro-Canada,,,,M6N 1L2,,,St. Clair Avenue West,,POINT (-79.48312900000001 43.669264)
Shell,,,,,,no,,,,,24/7,,1647969931,43.6823339,-79.4720715,Shell,,,,,,,,,POINT (-79.4720715 43.6823339)
Shell,,,,,,yes,,,,,,,1647970953,43.7034450,-79.4763750,Shell,,,,,,,,,POINT (-79.476375 43.703445)
Pioneer,,,,,,,,,,,,,1650583663,43.7334257,-79.4833551,Pioneer,,,,,,,,,POINT (-79.4833551 43.7334257)
Canadian Tire,,,,,,,,,,,,,1728536583,43.7656250,-79.4668053,Canadian Tire,,,,,,,,,POINT (-79.4668053 43.765625)
Esso,,,,,,yes,,,,,,,1782140951,43.7717276,-79.2519344,Esso,,,,,,yes,,,POINT (-79.2519344 43.7717276)
Petro-Canada,,,North York,,,,,,,,,2125,1811965091,43.7750101,-79.3331635,Petro-Canada,,,,,,,Sheppard Avenue East,,POINT (-79.3331635 43.7750101)
,,,,,,,,,,,,,1813165299,43.6241401,-79.5109168,Queensway Fuel,,,,,,,,,POINT (-79.5109168 43.6241401)
Esso,,,,,,yes,,,,,,,1849282510,43.6300329,-79.4873323,Esso,,,,,,,,,POINT (-79.48733230000001 43.6300329)
Costco Gasoline,,,,,,,,,,,,,1854311811,43.6243639,-79.5076416,Costco Gasoline,,,,,,,,,POINT (-79.5076416 43.6243639)
Canadian Tire,,,,,,,,,,,24/7,,1859446731,43.6173007,-79.5448111,Canadian Tire,,,,,,,,,POINT (-79.5448111 43.6173007)
,,,,,,,,,,yes,,,1875415673,43.6032564,-79.5461636,Inver,,,,,,,,,POINT (-79.5461636 43.6032564)
XTR,,,,,,,,,,,,,1886065751,43.6149129,-79.4980185,XTR,,,,,,,,,POINT (-79.4980185 43.6149129)
Esso,,,,,,yes,,,,,,,1900725956,43.6124260,-79.5423669,Esso,,,,,,yes,,,POINT (-79.5423669 43.612426)
Petro-Canada,,,,,,,,,,,,,1903317175,43.7151469,-79.5075360,Petro-Canada,,,,,,,,,POINT (-79.507536 43.7151469)
Esso,,,Scarborough,,,yes,,,,,,1480,1936251420,43.7654111,-79.2816303,Esso,,,,,,yes,Kennedy Road,https://www.esso.ca/,POINT (-79.2816303 43.7654111)
Shell,,,,,,no,,,,,,,2010039085,43.7870530,-79.2575710,Shell,,,,,,,,,POINT (-79.257571 43.787053)
7-Eleven,,,,,,,,,,,,,2021827200,43.6292566,-79.5174717,7-Eleven,,,,,,,,https://7-eleven.ca/store-locator/33414/,POINT (-79.5174717 43.6292566)
Shell,,,,,,,,,,,,,2031221897,43.7451448,-79.4868790,Shell,,,,,,,,,POINT (-79.486879 43.7451448)
XTR,,,,,,,,,,,,,2041359874,43.6054000,-79.5279602,XTR,,,,,,,,,POINT (-79.5279602 43.6054)
Esso,,,,,,,,,,,,,2203975942,43.7867106,-79.4705947,Esso,,,,,,,,https://www.esso.ca/,POINT (-79.47059470000001 43.7867106)
Mobil,,,,,,,,,,,,,2215351334,43.7224510,-79.5972702,Mobil,,,,,,,,,POINT (-79.5972702 43.722451)
,,,,,,yes,,,,,,,2229206398,43.7757072,-79.1756556,Esso,,,,,,,,,POINT (-79.1756556 43.7757072)
Petro-Canada,,,,,,,,,,,,,2250796752,43.6155705,-79.5239147,Petro-Canada,,,,,,,,,POINT (-79.52391470000001 43.6155705)
Shell,,,North York,,,,,,,,,1570,2293160758,43.7212622,-79.5090066,Shell,,,,,,,Wilson Avenue,,POINT (-79.50900660000001 43.7212622)
Shell,,,,,,,,,,,,,2340975235,43.6428183,-79.5766656,Shell,,,,,,,,,POINT (-79.5766656 43.6428183)
Petro-Canada,,,North York,,,,,,,,,2821,2375265492,43.7200363,-79.5371437,Petro-Canada,,,,,,,Weston Road,,POINT (-79.5371437 43.7200363)
Esso,,,,,,no,,,,,,,2382794249,43.7094404,-79.5059386,Esso,,,,,,yes,,,POINT (-79.50593859999999 43.7094404)
Fas Gas,,,,,,,,,,,,,2390229788,43.6979729,-79.5021620,Fas Gas,,,,,,,,,POINT (-79.502162 43.6979729)
Esso,,,Toronto,,,,,,,,,66,2406460113,43.6933692,-79.4791123,Esso,,,,,,,Trethewey Drive,https://www.esso.ca/,POINT (-79.4791123 43.6933692)
Shell,,,,,,yes,,,,,,,2414002769,43.6372244,-79.5395312,Shell,,,,,,,,,POINT (-79.5395312 43.6372244)
Husky,,,,,,,,,,,,,2505462345,43.7829871,-79.4867373,Husky,,,,,,,,,POINT (-79.4867373 43.7829871)
Shell,,,,,,yes,,,,,24/7,,2510794539,43.8059559,-79.2779733,Shell,,,,,,,,,POINT (-79.2779733 43.8059559)
Petro-Canada,,,,,,,,,,,,,2525809699,43.7691384,-79.5209653,Petro-Canada,,,,,,,,,POINT (-79.5209653 43.7691384)
Husky,,,,,,,,,,,,,2533133447,43.6358195,-79.5326425,Husky,,,,,,,,,POINT (-79.53264249999999 43.6358195)
Shell,,,,,,,,,,,,,2535465076,43.6274352,-79.4990261,Shell,,,,,,,,,POINT (-79.49902609999999 43.6274352)
,,,,,,yes,,,,,,,2626688106,43.6604560,-79.3303536,Amco,,,,,,,,,POINT (-79.3303536 43.660456)
,,,,,,yes,,,,,24/7,,2653160508,43.7321704,-79.2889690,tru Value,,,,,,,,,POINT (-79.28896899999999 43.7321704)
Petro-Canada,,,,,,,,,,,,,2719412349,43.7227789,-79.5086504,Petro-Canada,,,,,,yes,,,POINT (-79.50865039999999 43.7227789)
Esso,,,,,,,,,,,,,2824600179,43.7392407,-79.5126065,Esso,,,,,,,,,POINT (-79.5126065 43.7392407)
Canadian Tire,,,,,,,,,,,,,2853061641,43.7352654,-79.2534938,Canadian Tire,,,,,,,,,POINT (-79.2534938 43.7352654)
,,,,,,,,,,,,,2887459899,43.6984477,-79.5110406,RaceTrac,,,,,,,,,POINT (-79.5110406 43.6984477)
Petro-Canada,,,,,,,,,,,,,2901436294,43.6601691,-79.5129249,Petro-Canada,,,,,,,,,POINT (-79.5129249 43.6601691)
Petro-Canada,,,Scarborough,,,,,,,,,1977,2921236614,43.7701243,-79.2821463,Petro-Canada,,,,,,,Kennedy Road,,POINT (-79.28214629999999 43.7701243)
Fas Gas,,,,,,yes,,,,,,,2928434022,43.7176682,-79.2939444,Fas Gas,,,,,,yes,,,POINT (-79.2939444 43.7176682)
Shell,,,,,,,,,,,,,3061000565,43.7521810,-79.4576101,Shell,,,,,,,,,POINT (-79.4576101 43.752181)
Shell,,,,,,,,,,,,,3116001977,43.6900250,-79.5764654,Shell,,,,,,,,,POINT (-79.5764654 43.690025)
Costco Gasoline,,,,,,,,,,,,,3297984570,43.7598306,-79.2964702,Costco Gasoline,,,,,,,,,POINT (-79.2964702 43.7598306)
Esso,,,,,,,,,,,,,3303403720,43.7786389,-79.3650611,Esso,,,,,,,,https://www.esso.ca/,POINT (-79.36506110000001 43.7786389)
Esso,,,,,,,,,,,,,3354815732,43.6813125,-79.3319451,Esso,,,,,,,,https://www.esso.ca/,POINT (-79.3319451 43.6813125)
RaceTrac,,,,,,yes,,,,,,,3364858031,43.6677146,-79.4901816,RaceTrac,,,,,,,,,POINT (-79.4901816 43.6677146)
,,,,,,yes,,,,,,,3425955425,43.7922139,-79.1563263,Global,,,,,,,,,POINT (-79.1563263 43.7922139)
Pioneer,,,,,,yes,,,,,,,3427043155,43.7450727,-79.2975180,Pioneer,,,,,,,,,POINT (-79.297518 43.7450727)
Petro-Canada,,,York,,,yes,,,,,,385,3427074388,43.6808391,-79.4755253,Petro-Canada,,,,M6N 3P7,,,Weston Road,,POINT (-79.4755253 43.6808391)
Mobil,,,,,,,,,,,,,3435117531,43.7082497,-79.5332765,Mobil,,,,,,,,,POINT (-79.5332765 43.7082497)
Shell,,,,,,no,,,,,,,3452333843,43.7024166,-79.4415218,Shell,,,,,,yes,,,POINT (-79.4415218 43.7024166)
,,,,,,,,,,,,,3648187421,43.7308724,-79.2263299,Autoplaza Gas,,,,,,,,,POINT (-79.2263299 43.7308724)
Esso,,,,,,,,,,,,,3743507963,43.7921609,-79.4452081,Esso,,,,,,,,https://www.esso.ca/,POINT (-79.4452081 43.7921609)
,,,,,,yes,,,,,,,3823655289,43.7155525,-79.5689024,Petro V-Plus,,,,,,,,,POINT (-79.5689024 43.7155525)
Pioneer,,,,,,yes,,,,,,,3843687022,43.7130211,-79.5677116,Pioneer,,,,,,,,,POINT (-79.5677116 43.7130211)
Canadian Tire,,,,,,,,,,,,,3843753496,43.7131277,-79.5668273,Canadian Tire,,,,,,,,,POINT (-79.5668273 43.7131277)
Petro-Canada,,,,,,,,,,,,,3843753497,43.7124848,-79.5653137,Petro-Canada,,,,,,,,,POINT (-79.5653137 43.7124848)
Shell,,,,,,,,,,,,,3942763594,43.6485005,-79.5493470,Shell,,,,,,,,,POINT (-79.549347 43.6485005)
Ultramar,,,,,,yes,,,,,,,3952010379,43.7525834,-79.5418356,Ultramar,,,,,,,,,POINT (-79.5418356 43.7525834)
Ultramar,,,,,,yes,,,,,,,4069812729,43.7361609,-79.2525466,Ultramar,,,,,,,,,POINT (-79.2525466 43.7361609)
,,,,,,yes,,,,,,,4227504189,43.7675867,-79.5581564,Pump,,,,,,,,,POINT (-79.5581564 43.7675867)
,,,,,,yes,,,,,24/7,,4227517105,43.7696867,-79.5477450,OLCO,,,,,,yes,,,POINT (-79.54774500000001 43.7696867)
Petro-Canada,,,,,,,,,,,,,4227518320,43.7712755,-79.5399348,Petro-Canada,,,,,,,,,POINT (-79.5399348 43.7712755)
,,,,,,,,,,,,,4245247559,43.6998603,-79.5027375,Petro V Plus,,,,,,,,,POINT (-79.50273749999999 43.6998603)
Esso,,,,,,yes,,,,,,,4278370108,43.7892498,-79.2373361,Esso,,,,,,yes,,,POINT (-79.23733609999999 43.7892498)
,,,,,,,,,,,,,4322029768,43.7372248,-79.5244775,Jiffy Gas Bar,,,,,,,,,POINT (-79.5244775 43.7372248)
,,,,,,,,,,,,,4333068689,43.7663425,-79.1903287,,,,,,,,,,POINT (-79.19032869999999 43.7663425)
Mobil,,,,,,,,,,,,,4407360291,43.6862410,-79.4825850,Mobil,,,,,,,,,POINT (-79.482585 43.686241)
Pioneer,,,,,,yes,,,,,,,4560695300,43.8240518,-79.2463320,Pioneer,,,,,,,,,POINT (-79.246332 43.8240518)
Canadian Tire,,,,,,,,,,,,,4868334879,43.6663505,-79.4645244,Canadian Tire,,,,,,,,,POINT (-79.4645244 43.6663505)
Esso,,,,,,,,,,,,,4884514821,43.7134022,-79.5824946,Esso,,,,,,,,,POINT (-79.5824946 43.7134022)
Petro-Canada,,,,,,,,,,,,,4948897194,43.7571004,-79.4899786,Petro-Canada,,,,,,,,,POINT (-79.4899786 43.7571004)
,,,,,,,,,,,,,5280584627,43.6499581,-79.4385324,,,,,,,,,,POINT (-79.4385324 43.6499581)
,,,Toronto,,,,,,,,,389,5361760991,43.7025817,-79.2659509,Global,,,+1-416-694-0972,M1K 1N3,,,Birchmount Road,,POINT (-79.26595090000001 43.7025817)
,,,,,,,,,,,,,6352773228,43.7558516,-79.5694369,A1 Petro Biz,,,,,,,,,POINT (-79.5694369 43.7558516)
,,,,,,,,,,,,,6415245496,43.6231375,-79.5391515,Petro-Pass,Petro Canada,,,,,,,,POINT (-79.5391515 43.6231375)
Esso,,,,,,,,,,,,,6594726533,43.7463247,-79.2306174,Esso,,,,,,,,,POINT (-79.2306174 43.7463247)
,,,,,,,,,,,,,6685670200,43.6608157,-79.3406291,Leslieville Pumps,,,,,,,,,POINT (-79.3406291 43.6608157)
Esso,,,,,,,,,,,,,7055897133,43.7379490,-79.2402636,Esso,,,,,,,,,POINT (-79.24026360000001 43.737949)
