Alt_Name,Brand,City,Country,Dispensing,Email,Fax,Hours,House_Number,ID,Latitude,Longitude,Name,Payment_Cash,Payment_Credit_Card,Payment_Debit_Card,Phone Number,Postal_Code,Province,Street,Website,Wheelchair,geometry
,,,,yes,,,Mo-Th 09:00-19:00; Fr 09:00-18:00; Sa 10:00-16:00,,48553517,43.6770068,-79.3555010,City Pharmacy,,,,,,,,,yes,POINT (-79.355501 43.6770068)
,I.D.A.,,,yes,,,,,48553523,43.6766261,-79.3556620,I.D.A.,,,,,,,,,yes,POINT (-79.355662 43.6766261)
,Shoppers Drug Mart,,,yes,,,,,54965530,43.6532056,-79.4061206,Shoppers Drug Mart,,,,,,,,http://www.shoppersdrugmart.ca/,,POINT (-79.40612059999999 43.6532056)
,Pharmasave,,,yes,,,,,64684425,43.6653263,-79.4033563,Pharmasave,,,,,,,,,,POINT (-79.4033563 43.6653263)
,,,,yes,,,,,67344661,43.6627953,-79.4213624,Omni Pharmacy,,,,,,,,,,POINT (-79.42136240000001 43.6627953)
,,,,yes,,,,,67972544,43.6601026,-79.4351328,Main Drug Mart,,,,,,,,,,POINT (-79.43513280000001 43.6601026)
,,,,yes,,,,,67972701,43.6670968,-79.4314746,Sone's Pharmacy,,,,+1-416-531-2575,,,,,,POINT (-79.4314746 43.6670968)
Nart Drugs Inc.,Shoppers Drug Mart,Toronto,,yes,,,Mo-Fr 09:00-21:00; Sa 11:00-17:00; Su 12:00-17:00,523,158713935,43.6827775,-79.4192985,Shoppers Drug Mart,,,,+1-416-538-1155,M6C 1C0,,St. Clair Avenue West,,yes,POINT (-79.4192985 43.6827775)
,Shoppers Drug Mart,Toronto,,yes,,,Mo-Sa 08:00-00:00; Su 10:00-00:00,360A,238726675,43.6665844,-79.4051229,Shoppers Drug Mart,,,,+1-416-961-2121,M5S 1X1,,Bloor Street West,http://www.shoppersdrugmart.ca/,yes,POINT (-79.40512289999999 43.6665844)
,Pharmasave,,,,,,,,241263057,43.6860563,-79.3934061,Pharmasave,,,,,,,,,,POINT (-79.39340610000001 43.6860563)
,Shoppers Drug Mart,Toronto,,yes,,,,463,244883634,43.6561267,-79.4085109,Shoppers Drug Mart,,,,+1-416-923-0755,M6G 4C1,,College Street,http://www.shoppersdrugmart.ca/,yes,POINT (-79.4085109 43.6561267)
,,,,yes,,,,,244885863,43.6523206,-79.4064887,Trinity Drug Store,,,,,,,,,,POINT (-79.4064887 43.6523206)
,Guardian,Toronto,,yes,,,,757,244885864,43.6520569,-79.4063905,Guardian,,,,,M6J 1T9,,Dundas Street West,,,POINT (-79.4063905 43.6520569)
,,Toronto,,yes,,,,811,245022512,43.6516321,-79.4085317,Hilary's Pharmacy,,,,+1-416-603-1059,M6J 1V4,,Dundas Street West,https://hilaryspharmacy.com/,yes,POINT (-79.4085317 43.6516321)
,,,,yes,,,,,245022521,43.6574797,-79.4035676,Medical Pharmacy,,,,,,,,,,POINT (-79.4035676 43.6574797)
,Rexall,,,yes,,,-00:00,,246694319,43.6607258,-79.3854466,Rexall,,,,,,,,,yes,POINT (-79.38544659999999 43.6607258)
,Shoppers Drug Mart,,,yes,,,,524,249296393,43.6477106,-79.4021933,Shoppers Drug Mart,,,,,,,Queen Street West,http://www.shoppersdrugmart.ca/,yes,POINT (-79.40219329999999 43.6477106)
,Shoppers Drug Mart,Toronto,,yes,,,Mo-Su 08:00-24:00,388,249298764,43.6461194,-79.3925144,Shoppers Drug Mart,,,,+1-416-597-6550,M5V 1K2,,King Street West,http://www.shoppersdrugmart.ca/,,POINT (-79.3925144 43.6461194)
,,Toronto,,yes,,,Mo-Fr 08:30-19:00; Sa 10:00-18:00; Su closed,284,250942267,43.6675916,-79.4002121,Snowdon Pharmacy (Guardian),,,,,,,Bloor Street West,,yes,POINT (-79.4002121 43.6675916)
Welcome Guardian Drugstore,Guardian,Toronto,,yes,,,,137,251231340,43.6433233,-79.4477035,Guardian,,,,+1-416-533-2088,,,Roncesvalles Avenue,https://www.guardian-ida-pharmacies.ca/en/ontario/toronto/welcome-pharmacy-7024541,,POINT (-79.4477035 43.6433233)
,,,,yes,,,,,251246416,43.6513738,-79.4511698,Margis Pharmacy,,,,,,,,,,POINT (-79.4511698 43.6513738)
,Guardian,Toronto,,yes,,,,1488,251250133,43.6405305,-79.4376318,Parkdale Guardian Drugs,,,,+1-416-533-2391,,,Queen Street West,,,POINT (-79.43763180000001 43.6405305)
,,,,yes,,,,1386,252170640,43.6413261,-79.4336402,Dunn Pharmacy,,,,,,,Queen Street West,,,POINT (-79.4336402 43.6413261)
,Shoppers Drug Mart,Toronto,,yes,,,24/7,465,253941150,43.6615734,-79.3829277,Shoppers Drug Mart,,,,,,,Yonge Street,http://www.shoppersdrugmart.ca/,yes,POINT (-79.3829277 43.6615734)
,Rexall,Toronto,,,,,,481,261714581,43.6657861,-79.4071749,Rexall,,,,,,,Bloor Street West,,,POINT (-79.4071749 43.6657861)
,Shoppers Drug Mart,,,yes,,,Mo-Sa 08:00-24:00; Sa 09:00-24:00,,264107452,43.6895984,-79.2898134,Shoppers Drug Mart,,,,,,,,http://www.shoppersdrugmart.ca/,yes,POINT (-79.2898134 43.6895984)
,Shoppers Drug Mart,,,yes,,,,,265014980,43.7488552,-79.2762981,Shoppers Drug Mart,,,,,,,,http://www.shoppersdrugmart.ca/,,POINT (-79.27629810000001 43.7488552)
,,,,yes,,,,,266540038,43.7079062,-79.3107881,Main Drug Mart,,,,,,,,,,POINT (-79.3107881 43.7079062)
,,,,yes,,,,,266540039,43.7077635,-79.3108911,Golden Gate Pharmacy,,,,,,,,,,POINT (-79.31089110000001 43.7077635)
,Shoppers Drug Mart,,,yes,,,,,266540291,43.7058898,-79.3128137,Shoppers Drug Mart,,,,,,,,http://www.shoppersdrugmart.ca/,,POINT (-79.31281370000001 43.7058898)
,Shoppers Drug Mart,Toronto,,yes,,,until 22:00,700,267314142,43.6583076,-79.3850092,Shoppers Drug Mart,,,,,,,Bay Street,http://www.shoppersdrugmart.ca/,yes,POINT (-79.3850092 43.6583076)
,Shoppers Drug Mart,Toronto,,yes,,,,390,267316678,43.6381429,-79.3907469,Shoppers Drug Mart,,,,,,,Queens Quay West,http://www.shoppersdrugmart.ca/,,POINT (-79.3907469 43.6381429)
Poonam Rx Limited,Shoppers Drug Mart,Toronto,,yes,,,,69,273325247,43.6490790,-79.3776658,Shoppers Drug Mart,,,,+1-416-364-1948,M5E 1K3,,Yonge Street,http://www.shoppersdrugmart.ca/,,POINT (-79.3776658 43.649079)
,,Toronto,,yes,,,,688,277040109,43.6826792,-79.3235042,Coxwell Pharmacy,,,,+1-416-466-2131,,,Coxwell Avenue,,,POINT (-79.3235042 43.6826792)
Rexall I.D.A. Stanbury's Pharmacy,I.D.A.,,,yes,,,,,277140083,43.6896014,-79.3490638,I.D.A.,,,,,,,,,yes,POINT (-79.3490638 43.6896014)
,Shoppers Drug Mart,,,yes,,,,,277707108,43.6571735,-79.3885985,Shoppers Drug Mart,,,,,,,,http://www.shoppersdrugmart.ca/,,POINT (-79.3885985 43.6571735)
,,,,yes,,,,,278103207,43.6894149,-79.2969551,Main Drug Mart,,,,,,,,,,POINT (-79.29695510000001 43.6894149)
,,Toronto,,yes,,,Mo-Fr 09:00-20:00; Sa 12:00-17:00; Su 12:00-17:00; PH 10:00-14:00,2556,278103213,43.6883066,-79.3016466,Main Drug Mart,,,,,,,Danforth Avenue,,,POINT (-79.3016466 43.6883066)
,Shoppers Drug Mart,Toronto,,yes,,,,728,280495838,43.6685579,-79.3862638,Shoppers Drug Mart,,,,,,,Yonge Street,http://www.shoppersdrugmart.ca/,,POINT (-79.38626379999999 43.6685579)
,,,,yes,,,,,281141211,43.7140115,-79.2984546,Victoria Park Pharmacy,,,,,,,,,,POINT (-79.2984546 43.7140115)
,,,,,,,,,281143197,43.7092928,-79.2963796,Main Drug Mart,,,,,,,,,,POINT (-79.29637959999999 43.7092928)
Guardian Drugs Greendale,Guardian,Toronto,,yes,,,,150,281361616,43.6629780,-79.3746328,Guardian,,,,,,,Carlton Street,,no,POINT (-79.3746328 43.662978)
,,,,,,,,,281666264,43.6483960,-79.3706949,Main Drug Mart,,,,,,,,,yes,POINT (-79.3706949 43.648396)
,Rexall,Toronto,,yes,,,Mo-Su 07:00-22:00,159,281669588,43.6519511,-79.3788871,Rexall,,,,,,,Yonge Street,https://www.rexall.ca/storelocator/store/8161,,POINT (-79.3788871 43.6519511)
,,,,yes,,,,,281924173,43.6617689,-79.3671320,Parliament Pharmacy,,,,,,,,,,POINT (-79.367132 43.6617689)
,Shoppers Drug Mart,,,yes,,,,,288057885,43.7033920,-79.4153114,Shoppers Drug Mart,,,,,,,,http://www.shoppersdrugmart.ca/,,POINT (-79.41531139999999 43.703392)
,,Toronto,,yes,,,,412,295326047,43.6860757,-79.3763473,Marshall's Drugs,,,,,,,Summerhill Avenue,,,POINT (-79.37634730000001 43.6860757)
,Shoppers Drug Mart,,,yes,,,,,297103243,43.7986188,-79.3688075,Shoppers Drug Mart,,,,,,,,http://www.shoppersdrugmart.ca/,,POINT (-79.3688075 43.7986188)
,Shoppers Drug Mart,,,yes,,,,,297113369,43.8047218,-79.3846871,Shoppers Drug Mart,,,,,,,,http://www.shoppersdrugmart.ca/,,POINT (-79.38468709999999 43.8047218)
,Rexall,,,yes,,,,,302045077,43.7940907,-79.3531857,Rexall,,,,,,,,,,POINT (-79.3531857 43.7940907)
,Rexall,,,yes,,,,,306328623,43.6718397,-79.3782930,Rexall,,,,,,,,,,POINT (-79.378293 43.6718397)
,Rexall,East York,,yes,,,Mo-Su 08:00-24:00,660,315643442,43.7116330,-79.3762585,Rexall,,,,,,,Eglinton Avenue East,,,POINT (-79.37625850000001 43.711633)
,Shoppers Drug Mart,,,yes,,,Mo-Fr 08:00-22:00; Sa 09:00-20:00; Su 10:00-18:00,,339530268,43.7561010,-79.4395380,Shoppers Drug Mart,,,,,,,,http://www.shoppersdrugmart.ca/,,POINT (-79.439538 43.756101)
,Shoppers Drug Mart,,,yes,,,,,357059433,43.7890115,-79.1397735,Shoppers Drug Mart,,,,,,,,http://www.shoppersdrugmart.ca/,,POINT (-79.1397735 43.7890115)
,Shoppers Drug Mart,,,yes,,,,,359213024,43.7236686,-79.3004631,Shoppers Drug Mart,,,,,,,,,,POINT (-79.3004631 43.7236686)
,,York,,yes,,,,265,364937883,43.6776938,-79.5061934,Main Drug Mart,,,,,,,Scarlett Road,,,POINT (-79.5061934 43.6776938)
,,York,,yes,,,,2160,364946860,43.7028963,-79.5254399,Main Drug Mart,,,,,,,Weston Road,,,POINT (-79.52543989999999 43.7028963)
,,,,yes,,,,,368125826,43.7031949,-79.5249106,Weston Drug Mart,,,,,,,,,,POINT (-79.5249106 43.7031949)
,,,,yes,,,,,369046197,43.6966160,-79.2862551,DiscountPlus Pharmacy,,,,,,,,,,POINT (-79.28625510000001 43.696616)
,Shoppers Drug Mart,,,yes,,,-22:00,,371730613,43.7995275,-79.3191843,Shoppers Drug Mart,,,,,,,,http://www.shoppersdrugmart.ca/,,POINT (-79.3191843 43.7995275)
,,,,yes,,,,,372475890,43.6877052,-79.3019129,Peoples Drug Mart,,,,,,,,,,POINT (-79.3019129 43.6877052)
,Guardian,,,yes,,,,,379632548,43.7798913,-79.1371989,Guardian,,,,,,,,,,POINT (-79.1371989 43.7798913)
,,,,yes,,,,,380027348,43.6720554,-79.3769315,Bloor-Sherbourne Pharmacy,,,,,,,,,,POINT (-79.3769315 43.6720554)
,,,,yes,,,,,380027357,43.6715127,-79.3766812,Rosedale Pharmacy,,,,,,,,,,POINT (-79.37668119999999 43.6715127)
,,,,yes,,,,,380036466,43.6646930,-79.3740248,Main Drug Mart,,,,,,,,,no,POINT (-79.3740248 43.664693)
,,,,yes,,,Mo-Fr 09:00-18:00,,380037489,43.6613624,-79.3720395,pharmacy.ca,,,,,,,,,yes,POINT (-79.3720395 43.6613624)
,Shoppers Drug Mart,,,yes,,,,,380042647,43.6460021,-79.3798608,Shoppers Drug Mart,,,,,,,,http://www.shoppersdrugmart.ca/,,POINT (-79.3798608 43.6460021)
,Shoppers Drug Mart,,,yes,,,,,382849927,43.7606953,-79.2241012,Shoppers Drug Mart,,,,,,,,http://www.shoppersdrugmart.ca/,,POINT (-79.22410120000001 43.7606953)
,Rexall,,,,,,,,382850109,43.7754149,-79.2307035,Rexall,,,,,,,,,,POINT (-79.2307035 43.7754149)
Jerry Ip Pharmacy Inc.,Shoppers Drug Mart,Scarborough,,yes,,,,1780,382893105,43.7944521,-79.2399838,Shoppers Drug Mart,,,,+1-416-412-1780,M1B 2W2,,Markham Road,http://www.shoppersdrugmart.ca/,yes,POINT (-79.2399838 43.7944521)
,Shoppers Drug Mart,East York,,yes,,,,1012,382981181,43.6887601,-79.3487159,Shoppers Drug Mart,,,,+1-416-423-3131,,,Pape Avenue,http://www.shoppersdrugmart.ca/,yes,POINT (-79.3487159 43.6887601)
,Shoppers Drug Mart,Etobicoke,,yes,asdm893@shoppersdrugmart.ca,+1-416-236-0384,"Mo-Fr 09:00-21:00, Sa 09:00-18:00, Su 10:00-19:00",201,383562241,43.6754984,-79.5558530,Shoppers Drug Mart,,,,+1-416-236-1131,M9B 6H6,,Lloyd Manor Road,http://www.shoppersdrugmart.ca/,,POINT (-79.555853 43.6754984)
,Rexall,Etobicoke,,yes,,+1-416-248-4209,Mo-Fr 08:00-22:00; Sa 09:00-22:00; Su 10:00-22:00,250,383562271,43.6797074,-79.5463636,Rexall,,,,+1-416-248-1735,M9R 2R5,,Wincott Drive,http://www.rexall.ca,,POINT (-79.54636360000001 43.6797074)
,,,,yes,,,,,383629881,43.6808231,-79.4971884,Janedal Pharmacy,,,,,,,,,,POINT (-79.4971884 43.6808231)
,,,,yes,,,,,383629946,43.6907522,-79.4731101,Medicine Shoppe,,,,,,,,,,POINT (-79.4731101 43.6907522)
,Shoppers Drug Mart,,,yes,,,,,383629968,43.6930575,-79.4660156,Shoppers Drug Mart,,,,,,,,http://www.shoppersdrugmart.ca/,,POINT (-79.46601560000001 43.6930575)
,,Scarborough,,yes,,,Mo-Fr 09:00-21:00; Sa 09:00-18:00; Su 11:00-18:00; PH off,2650,384785088,43.7524393,-79.2647412,Torrance Compounding Pharmacy,,,,,,,Lawrence Avenue East,,,POINT (-79.2647412 43.7524393)
,,,,yes,,,,,384791116,43.7565178,-79.2240055,Markham-Lawrence Pharmacy,,,,,,,,,,POINT (-79.2240055 43.7565178)
,Shoppers Drug Mart,,,yes,,,,,384801260,43.7547942,-79.2448736,Shoppers Drug Mart,,,,,,,,http://www.shoppersdrugmart.ca/,,POINT (-79.24487360000001 43.7547942)
,,,,yes,,,,,385602561,43.6854538,-79.3130732,Main Drug Mart,,,,,,,,,,POINT (-79.31307320000001 43.6854538)
,,,,yes,,,,,385602630,43.6802273,-79.3451365,Pape Drug Mart,,,,,,,,,,POINT (-79.3451365 43.6802273)
Mary-Gergis Pharmacy Inc.,,Toronto,,yes,,,,728,387429799,43.6637371,-79.4181475,Bloor Park Pharmacy,,,,+1-416-531-2426,,,Bloor Street West,,,POINT (-79.4181475 43.6637371)
,,Toronto,,,,,,620,387452798,43.6646161,-79.4141167,Green Pharmacy,,,,+1-416-530-4004,,,Bloor Street West,,,POINT (-79.41411669999999 43.6646161)
,Shoppers Drug Mart,,,yes,,,24/7,,387788663,43.7728212,-79.2511862,Shoppers Drug Mart,,,,,,,,http://www.shoppersdrugmart.ca/,,POINT (-79.25118620000001 43.7728212)
,Shoppers Drug Mart,East York,,yes,,,Mo-Sa 09:00-24:00; Su 10:00-24:00,45,387790719,43.7060565,-79.3465823,Shoppers Drug Mart,,,,,,,Overlea Boulevard,http://www.shoppersdrugmart.ca/,yes,POINT (-79.34658229999999 43.7060565)
,Shoppers Drug Mart,,,yes,,,,,387792390,43.7135867,-79.3346877,Shoppers Drug Mart,,,,,,,,http://www.shoppersdrugmart.ca/,yes,POINT (-79.3346877 43.7135867)
,,,,yes,,,,,388379010,43.7782794,-79.3479124,Fairview Pharmacy,,,,+1-416-497-5115,,,,,,POINT (-79.3479124 43.7782794)
,Shoppers Drug Mart,,,yes,,,,,388480633,43.6568051,-79.3807008,Shoppers Drug Mart,,,,,,,,http://www.shoppersdrugmart.ca/,,POINT (-79.3807008 43.6568051)
,Shoppers Drug Mart,,,yes,,,,,390077308,43.7693093,-79.3857332,Shoppers Drug Mart,,,,,,,,http://www.shoppersdrugmart.ca/,,POINT (-79.3857332 43.7693093)
,Shoppers Drug Mart,North York,,yes,,,,946,390354860,43.7372109,-79.3456392,Shoppers Drug Mart,,,,,,,Lawrence Avenue East,http://www.shoppersdrugmart.ca/,yes,POINT (-79.34563919999999 43.7372109)
,Shoppers Drug Mart,Toronto,,yes,,,,,390997486,43.6469942,-79.3791929,Shoppers Drug Mart,,,,,,,,http://www.shoppersdrugmart.ca/,yes,POINT (-79.37919290000001 43.6469942)
Tailor Drugs Limited,Shoppers Drug Mart,Toronto,,yes,,,"Mo-We 08:00-21:00; Th,Fr 08:00-22:00; Sa 10:00-19:30; Su 10:00-18:00",20,391178894,43.6707950,-79.3858923,Shoppers Drug Mart,yes,,,+1-416-967-7787,M4W 3G7,,Bloor Street East,http://www.shoppersdrugmart.ca/,yes,POINT (-79.38589229999999 43.670795)
,Shoppers Drug Mart,Toronto,,yes,,,,351,397259040,43.6554147,-79.3640509,Shoppers Drug Mart,,,,,,,Queen Street East,http://www.shoppersdrugmart.ca/,,POINT (-79.3640509 43.6554147)
,,Toronto,,yes,,,,599,400705146,43.6679184,-79.3692424,Main Drug Mart,,,,+1-416-960-1616,M4X 1P9,,Parliament Street,,yes,POINT (-79.3692424 43.6679184)
,Rexall,Toronto,,yes,,,08:00-22:00,539,400705354,43.6660203,-79.3684761,Rexall,,,,+1-416-926-1658,M4X 1P7,,Parliament Street,http://www.rexall.ca/,,POINT (-79.3684761 43.6660203)
,Shoppers Drug Mart,,,yes,,,Mo-Sa 09:00-00:00; Su 11:00-00:00,467,400705663,43.6639589,-79.3676519,Shoppers Drug Mart,,,,+1-416-925-4121,,,Parliament Street,http://www.shoppersdrugmart.ca/,,POINT (-79.3676519 43.6639589)
I.D.A. Moss Park Pharmacy,I.D.A.,,,yes,,,,,400912559,43.6551998,-79.3653800,I.D.A.,,,,,,,,,,POINT (-79.36538 43.6551998)
Bathurst & Bloor Drug Mart,I.D.A.,,,yes,,,,,409184324,43.6654831,-79.4115243,I.D.A.,,,,,,,,,,POINT (-79.4115243 43.6654831)
,,,,yes,,,,,410800085,43.7735040,-79.4421659,Main Drug Mart,,,,,,,,,,POINT (-79.44216590000001 43.773504)
,Shoppers Drug Mart,,,yes,,,,,414610855,43.6630445,-79.5317333,Shoppers Drug Mart,,,,,,,,,,POINT (-79.5317333 43.6630445)
,Rexall,,,yes,,,,,417218226,43.6019808,-79.5456039,Rexall,,,,,,,,http://www.rexall.ca/,,POINT (-79.5456039 43.6019808)
,Shoppers Drug Mart,Toronto,,yes,,,Mo-Fr 09:00-21:00; Sa 10:30-18:00; Su 11:00-16:00,755,420542915,43.6792629,-79.3422668,Shoppers Drug Mart,,,,,,,Danforth Avenue,http://www.shoppersdrugmart.ca/,,POINT (-79.3422668 43.6792629)
,Shoppers Drug Mart,,,yes,,,,,421328760,43.7452151,-79.3249607,Shoppers Drug Mart,,,,,,,,http://www.shoppersdrugmart.ca/,,POINT (-79.32496070000001 43.7452151)
,,,,,,,,,423775537,43.7264448,-79.3126967,Phil-way Pharmacy,,,,,,,,,,POINT (-79.3126967 43.7264448)
,Pharmasave,,,,,,,,433542282,43.7070444,-79.2695459,Pharmasave,,,,,,,,,no,POINT (-79.2695459 43.7070444)
,Food Basics,,,,,,,,436893990,43.7841944,-79.2034768,Food Basics,,,,,,,,,,POINT (-79.2034768 43.7841944)
,Shoppers Drug Mart,,,yes,,,,,436913949,43.7973370,-79.2722887,Shoppers Drug Mart,,,,,,,,http://www.shoppersdrugmart.ca/,,POINT (-79.2722887 43.797337)
,Shoppers Drug Mart,,,yes,,,,1840,474960384,43.6957415,-79.4508704,Shoppers Drug Mart,,,,,,,Eglinton Avenue West,http://www.shoppersdrugmart.ca/,,POINT (-79.4508704 43.6957415)
Bathurst Wilson Pharmacy,I.D.A.,North York,,yes,,,,322,474965118,43.7371248,-79.4367567,I.D.A.,,,,,M3H 1S8,,Wilson Avenue,,,POINT (-79.4367567 43.7371248)
,Shoppers Drug Mart,,,yes,,,,,474967384,43.7848113,-79.4461444,Shoppers Drug Mart,,,,,,,,http://www.shoppersdrugmart.ca/,,POINT (-79.44614439999999 43.7848113)
Welcome Guardian Drugs,Guardian,Toronto,,,,,Mo-Fr 08:30-21:00; Sa 09:00-18:00; Su 10:00-17:00; PH 10:00-17:00,1881,491599547,43.6978978,-79.3963032,Guardian,,,,+1-416-480-1420;+1-416-480-1340 (post office),M4S 3C0,,Yonge Street,,,POINT (-79.39630320000001 43.6978978)
,I.D.A.,,,,,,,,495885697,43.7468096,-79.1994060,I.D.A.,,,,,,,,,,POINT (-79.199406 43.7468096)
,Guardian,,,yes,,,,,502030805,43.6801003,-79.4322785,Guardian,,,,,,,,,,POINT (-79.4322785 43.6801003)
,,,,yes,,,,,502086091,43.6798317,-79.4354650,,,,,,,,,,,POINT (-79.43546499999999 43.6798317)
,Guardian,,,,,,,,502704878,43.6814890,-79.4259270,Christie Guardian Pharmacy,,,,,,,,,,POINT (-79.425927 43.681489)
,,Toronto,,yes,,,,3016,515553366,43.6655900,-79.4699454,Junction Pharmacy,,,,,,,Dundas Street West,,,POINT (-79.4699454 43.66559)
,Rexall,North York,,yes,,,,3402,517226084,43.7330121,-79.4044708,Rexall,,,,+1-416-544-0746,M4N 2M9,,Yonge Street,https://www.rexall.ca/,,POINT (-79.4044708 43.7330121)
,,,,,,,,,519728535,43.6515047,-79.3805592,Pharmamart,,,,,,,,,,POINT (-79.38055919999999 43.6515047)
,Shoppers Drug Mart,,,yes,,,24/7,2428,525155800,43.7330733,-79.2676115,Shoppers Drug Mart,,,,,,,Eglinton Avenue East,http://www.shoppersdrugmart.ca/,,POINT (-79.2676115 43.7330733)
,,Toronto,,,,,,1169,527025701,43.6492467,-79.4216560,Main Drug Mart,,,,+1-416-536-2139,,,Dundas Street West,,yes,POINT (-79.421656 43.6492467)
,,,,,,,,,530275125,43.7700821,-79.3748531,The Medicine Shoppe,,,,,,,,,,POINT (-79.3748531 43.7700821)
,,Toronto,,,,,,149,530802429,43.6438423,-79.4479194,Solarski,,,,,,,Roncesvalles Avenue,,,POINT (-79.4479194 43.6438423)
,Rexall,,,yes,,,,,534453408,43.7071726,-79.3987002,Rexall,,,,,,,,,limited,POINT (-79.39870019999999 43.7071726)
,I.D.A.,,,yes,,,,,538151391,43.7074398,-79.3958787,I.D.A.,,,,,,,,,yes,POINT (-79.3958787 43.7074398)
,Shoppers Drug Mart,Toronto,,yes,,,,1507,538159933,43.6893355,-79.3943034,Shoppers Drug Mart,,,,+1-416-923-7700,M4T 1Z2,,Yonge Street,http://www.shoppersdrugmart.ca/,,POINT (-79.3943034 43.6893355)
,Shoppers Drug Mart,Toronto,,yes,,,Mo-Su 08:00-24:00,970,538717619,43.6611728,-79.3403801,Shoppers Drug Mart,,,,,,,Queen Street East,,,POINT (-79.3403801 43.6611728)
,Pharmasave,,,yes,,,,,540294863,43.7576656,-79.4091183,Pharmasave,,,,,,,,,,POINT (-79.4091183 43.7576656)
,Guardian,,,yes,,,,,540923959,43.7716651,-79.2093729,Guardian,,,,,,,,,,POINT (-79.20937290000001 43.7716651)
,Shoppers Drug Mart,,,yes,,,,,542005028,43.7253490,-79.2306562,Shoppers Drug Mart,,,,,,,,http://www.shoppersdrugmart.ca/,yes,POINT (-79.2306562 43.725349)
,Pharmasave,,,,,,,,542024065,43.7376741,-79.2173068,Pharmasave,,,,,,,,,,POINT (-79.2173068 43.7376741)
,Rexall,North York,,yes,,,,5650,542892014,43.7805898,-79.4161656,Rexall,,,,+1-416-733-2661,,,Yonge Street,,,POINT (-79.4161656 43.7805898)
,Shoppers Drug Mart,,,yes,,,-00:00,,542893739,43.7849377,-79.3098593,Shoppers Drug Mart,,,,,,,,http://www.shoppersdrugmart.ca/,,POINT (-79.3098593 43.7849377)
,Shoppers Drug Mart,North York,,yes,,,,2047,544671706,43.7363090,-79.4198481,Shoppers Drug Mart,,,,,,,Avenue Road,http://www.shoppersdrugmart.ca/,yes,POINT (-79.4198481 43.736309)
,Rexall,,,yes,,,,,551067781,43.7085890,-79.2486991,Rexall,,,,,,,,,,POINT (-79.2486991 43.708589)
,I.D.A.,,,,,,,,553539464,43.7901327,-79.1743376,I.D.A.,,,,,,,,,,POINT (-79.1743376 43.7901327)
,Remedy'sRx,Toronto,,,,,Mo-Sa 09:30-19:00; Su closed,2262,557784672,43.6509097,-79.4779829,Remedy'sRx,,,,,,,Bloor Street West,,,POINT (-79.4779829 43.6509097)
,Pharmasave,,,,,,,,558628285,43.6890819,-79.3487977,Pharmasave,,,,,,,,,,POINT (-79.34879770000001 43.6890819)
,Guardian,,,yes,,,,,560196734,43.7057407,-79.4420802,Guardian,,,,,,,,,,POINT (-79.44208020000001 43.7057407)
,,,,yes,,,,,560634454,43.6890485,-79.2782119,Main Drug Mart,,,,,,,,,,POINT (-79.2782119 43.6890485)
,,Toronto,,yes,,,,219,560635542,43.6747361,-79.3955795,Davenport Pharmacy,,,,,,,Davenport Road,,,POINT (-79.3955795 43.6747361)
,Shoppers Drug Mart,Toronto,,yes,,,24/7,2345,560649252,43.7088320,-79.3985216,Shoppers Drug Mart,,,,,,,Yonge Street,http://www.shoppersdrugmart.ca/,yes,POINT (-79.3985216 43.708832)
,,Toronto,,yes,,,,2399-2401,560649253,43.7101286,-79.3989111,Main Drug Mart,,,,,,,Yonge Street,,,POINT (-79.39891110000001 43.7101286)
,Pharmasave,North York,,,,,,4430,560655298,43.7571237,-79.4391758,Pharmasave,,,,,,,Bathurst Street,,,POINT (-79.4391758 43.7571237)
,,North York,,yes,,,,491,561037787,43.7192148,-79.4288823,Peoples Drug Mart,,,,,,,Lawrence Avenue West,,,POINT (-79.4288823 43.7192148)
,,,,yes,,,,,561044366,43.7806000,-79.4154489,North York Pharmacy,,,,,,,,,,POINT (-79.4154489 43.7806)
,,,,yes,,,,,561181498,43.7471346,-79.2851653,Extra Care Pharmacy,,,,,,,,,,POINT (-79.2851653 43.7471346)
,Food Basics,,,yes,,,,,561181501,43.7460309,-79.2879377,Food Basics,,,,,,,,,,POINT (-79.2879377 43.7460309)
,,,,yes,,,,,565571303,43.7474882,-79.2871885,Main Drug Mart,,,,,,,,,,POINT (-79.2871885 43.7474882)
,Remedy'sRx,Toronto,,yes,,,,901,580001851,43.6632925,-79.3863346,Remedy'sRx,,,,,,,Bay Street,,,POINT (-79.3863346 43.6632925)
,Rexall,,,,,,,,607996558,43.7646003,-79.3980471,Rexall,,,,,,,,,,POINT (-79.3980471 43.7646003)
,Food Basics,,,,,,,,615954940,43.7761811,-79.3248523,Food Basics,,,,,,,,,,POINT (-79.3248523 43.7761811)
,,Toronto,,yes,,,Mo-Fr 08:00-19:00,123,616949398,43.6557636,-79.3864328,Victor Pharmacy,,,,+1-416-597-0366,M5G 1E2,,Edward Street,,,POINT (-79.38643279999999 43.6557636)
,Shoppers Drug Mart,,,yes,,,,,618404742,43.7838799,-79.2895238,Shoppers Drug Mart,,,,,,,,http://www.shoppersdrugmart.ca/,,POINT (-79.2895238 43.7838799)
,,,,yes,,,,,619547826,43.7634814,-79.4895209,Main Drug Mart,,,,,,,,,,POINT (-79.4895209 43.7634814)
,Rexall,,,yes,,,,,699224215,43.6777981,-79.3583537,Rexall,,,,,,,,http://www.rexall.ca/,,POINT (-79.3583537 43.6777981)
,Rexall,Toronto,,yes,,,,63,699225120,43.6655689,-79.3811759,Rexall,,,,+1-416-924-7760,,,Wellesley Street East,,yes,POINT (-79.3811759 43.6655689)
,Pharmasave,,,,,,,,705233981,43.7320291,-79.2674612,Pharmasave,,,,,,,,,,POINT (-79.2674612 43.7320291)
,,Toronto,,,,,Mo-Fr 09:00-19:00; Sa 09:00-17:00; Su closed,1938,709877896,43.6534032,-79.4668148,Meds Pharmacy,,,,+1-416-769-2222,M6P 3K8,,Bloor Street West,https://www.medspharmacy.ca/,,POINT (-79.46681479999999 43.6534032)
,Shoppers Drug Mart,,,yes,,,,,729417864,43.6931821,-79.5570342,Shoppers Drug Mart,,,,,,,Kipling Avenue,http://www.shoppersdrugmart.ca/,,POINT (-79.5570342 43.6931821)
,Shoppers Drug Mart,,,yes,,,,,729433392,43.6579391,-79.3302342,Shoppers Drug Mart,,,,,,,,http://www.shoppersdrugmart.ca/,,POINT (-79.33023420000001 43.6579391)
Kassam Pharmacy Inc.,Shoppers Drug Mart,Toronto,,yes,,,until 00:00,755,754637562,43.7077154,-79.3895451,Shoppers Drug Mart,,,,,M4S 2N4,,Mount Pleasant Road,http://www.shoppersdrugmart.ca/,,POINT (-79.38954510000001 43.7077154)
,,Toronto,,yes,,,,1849,754749914,43.6971196,-79.3960902,Total Pharmacy,,,,,,,Yonge Street,,,POINT (-79.3960902 43.6971196)
,,North York,,yes,,,,78,760159456,43.7812919,-79.4101021,,,,,,,,Finch Avenue East,,,POINT (-79.4101021 43.7812919)
,Shoppers Drug Mart,Toronto,,yes,,,Mo-Su 08:00-00:00,260,768963283,43.6498323,-79.3919735,Shoppers Drug Mart,,,,,,,Queen Street West,http://www.shoppersdrugmart.ca/,,POINT (-79.39197350000001 43.6498323)
Bay-College Drug Mart,I.D.A.,,,yes,,,,,769480494,43.6604322,-79.3859245,I.D.A.,,,,,,,,,,POINT (-79.3859245 43.6604322)
,,,,,,,,,774057207,43.6299178,-79.4770010,Lakeshore West Pharmacy,,,,,,,,,,POINT (-79.477001 43.6299178)
,Shoppers Drug Mart,,,yes,,,Mo-Fr 07:00-18:30,,775896239,43.6513128,-79.3797888,Shoppers Drug Mart,,,,,,,,http://www.shoppersdrugmart.ca/,,POINT (-79.3797888 43.6513128)
,Rexall,,,yes,,,,,783622436,43.6883518,-79.3936221,Rexall,,,,,,,,,,POINT (-79.3936221 43.6883518)
,Rexall,,,yes,,,Mo-Fr 07:00-18:30,,784790094,43.6466713,-79.3873938,Rexall,,,,,,,,,,POINT (-79.3873938 43.6466713)
,,Toronto,,yes,,,,8,800027146,43.6404221,-79.3807486,Harbourfront Medicine Cabinet,,,,+1-416-366-3669,M5J 2Y5,,York Street,,,POINT (-79.3807486 43.6404221)
,,Toronto,,yes,,,,1674,818643100,43.6775493,-79.4431040,Nova Pharmacy,,,,,,,Dufferin Street,,,POINT (-79.44310400000001 43.6775493)
,,,,,,,,,836652636,43.7062269,-79.2890605,,,,,,,,,,,POINT (-79.28906050000001 43.7062269)
,Rexall,,,yes,,,,,837044861,43.7372936,-79.2494249,Rexall,,,,,,,,,yes,POINT (-79.24942489999999 43.7372936)
,,,,,,,,,865963873,43.6590672,-79.3908894,U&C Pharmacy,,,,,,,,,,POINT (-79.39088940000001 43.6590672)
,,,,yes,,,,,869732264,43.7964354,-79.3188704,Gateway Pharmacy,,,,,,,,,,POINT (-79.31887039999999 43.7964354)
Ambulatory Patient Pharmacy,,,,yes,,,,,956224020,43.7216899,-79.3765725,Sunnybrook Pharmacy,,,,,,,,,yes,POINT (-79.37657249999999 43.7216899)
Rexall IDA,I.D.A.,,,,,,,,964114082,43.7324407,-79.2691703,I.D.A.,,,,,,,,,,POINT (-79.2691703 43.7324407)
,I.D.A.,,,yes,,,,,970955668,43.7271586,-79.2655573,Shop Rite I.D.A. Pharmacy,,,,,,,,,,POINT (-79.2655573 43.7271586)
,,,,,,,,,1023038725,43.7316315,-79.2682767,Pharmore Kennedy Medical Centre,,,,,,,,,,POINT (-79.2682767 43.7316315)
,Shoppers Drug Mart,,,yes,,,,,1111927280,43.7586236,-79.4662372,Shoppers Drug Mart,,,,,,,,http://www.shoppersdrugmart.ca/,,POINT (-79.46623719999999 43.7586236)
,Rexall,,,,,,,,1113727967,43.6560380,-79.3828700,Rexall,,,,,,,,http://www.rexall.ca/,yes,POINT (-79.38287 43.656038)
,,,,,,,,,1122885500,43.6740260,-79.3879590,,,,,,,,,,,POINT (-79.387959 43.674026)
,,Toronto,,,,,,1351,1122910140,43.6860459,-79.3930636,C.C. Pharmacy,,,,,,,Yonge Street,,,POINT (-79.3930636 43.6860459)
,,Toronto,,,,,,208,1138011558,43.6685376,-79.3958877,Konop Chemists,,,,,,,Bloor Street West,,yes,POINT (-79.3958877 43.6685376)
,Rexall,,,,,,,,1138453116,43.6885370,-79.4124280,Rexall,,,,,,,,http://www.rexall.ca/,,POINT (-79.41242800000001 43.688537)
,Shoppers Drug Mart,,,yes,,,,,1141398989,43.6476245,-79.3812395,Shoppers Drug Mart,,,,,,,,http://www.shoppersdrugmart.ca/,,POINT (-79.38123950000001 43.6476245)
,,,,,,,,,1186821083,43.7794505,-79.3066964,Sheppard Warden Pharmacy,,,,,,,,,,POINT (-79.30669640000001 43.7794505)
,Rexall,,,,,,,,1186821167,43.7804935,-79.2981441,Rexall,,,,,,,,http://www.rexall.ca/,,POINT (-79.2981441 43.7804935)
,,,,,,,,,1208725025,43.7010090,-79.4261000,Eglinton Bathurst Pharmacy,,,,,,,,,,POINT (-79.42610000000001 43.701009)
,Rexall,,,yes,,,,,1215361829,43.6490903,-79.3815653,Rexall,,,,,,,,,yes,POINT (-79.38156530000001 43.6490903)
,,,,,,,,,1226893608,43.6519468,-79.3979747,Toronto Manning Drug Mart,,,,,,,,,,POINT (-79.39797470000001 43.6519468)
,Shoppers Drug Mart,,,yes,,,,1800,1246319631,43.7787292,-79.3446122,Shoppers Drug Mart,,,,,,,Sheppard Avenue East,http://www.shoppersdrugmart.ca/,yes,POINT (-79.3446122 43.7787292)
,Rexall,,,,,,,,1257452343,43.6577333,-79.3900615,Rexall,,,,,,,,http://www.rexall.ca/,,POINT (-79.3900615 43.6577333)
,,,,,,,,,1258863441,43.6557180,-79.3921760,Loywood Medical Pharmacy,,,,,,,,,,POINT (-79.39217600000001 43.655718)
,Shoppers Drug Mart,East York,,yes,,,,1531,1268642484,43.7063262,-79.3751848,Shoppers Drug Mart,,,,+1-416-489-1873,M4G 3B5,,Bayview Avenue,http://www.shoppersdrugmart.ca/,,POINT (-79.3751848 43.7063262)
,Shoppers Drug Mart,Toronto,,yes,,,Mo-Su 08:00-24:00,236,1314233495,43.6683115,-79.3968395,Shoppers Drug Mart,yes,,,+1-416-927-0440,M5S 1T8,,Bloor Street West,http://www.shoppersdrugmart.ca/,yes,POINT (-79.3968395 43.6683115)
,Rexall,,,,,,,,1342887697,43.6965999,-79.3694871,Rexall,,,,,,,,,,POINT (-79.3694871 43.6965999)
,Shoppers Drug Mart,Toronto,,yes,,,Mo-Sa 08:00-00:00,3366,1355714602,43.7322280,-79.4043970,Shoppers Drug Mart,,,,+1-416-483-3018,M4N 2M7,,Yonge Street,http://www.shoppersdrugmart.ca/,,POINT (-79.404397 43.732228)
Rexall I.D.A. Nor Arm Pharmacy,I.D.A.,North York,,yes,,,Mo-Fr 09:30-18:30,1280,1390155987,43.7643970,-79.4889080,I.D.A.,,,,,M3J 3H5,,Finch Avenue West,,,POINT (-79.488908 43.764397)
,,,,,,,,,1394185852,43.6408964,-79.3935411,Metropolitan Pharmacy,,,,,,,,,,POINT (-79.39354109999999 43.6408964)
,Pharmasave,,,,,,,,1396617546,43.7272910,-79.3265360,Pharmasave,,,,,,,,,,POINT (-79.326536 43.727291)
,,,,,,,,,1416644996,43.7812948,-79.4444440,Main Drug Mart,,,,,,,,,,POINT (-79.444444 43.7812948)
,,Toronto,,,,,,245,1416808878,43.7084060,-79.3891420,Mt. Pleasant Pharmacy,,,,+1-416-488-3232,,,Eglinton Avenue East,,,POINT (-79.38914200000001 43.708406)
,Shoppers Drug Mart,,,yes,,,,,1451070487,43.7197797,-79.5105730,Shoppers Drug Mart,,,,,,,,http://www.shoppersdrugmart.ca/,,POINT (-79.51057299999999 43.7197797)
,,,,,,,,,1459284987,43.8041480,-79.2867100,,,,,,,,,,,POINT (-79.28671 43.804148)
,I.D.A.,,,,,,,,1459351641,43.8204550,-79.2616870,I.D.A.,,,,,,,,,,POINT (-79.26168699999999 43.820455)
,,,,yes,,,,,1502217320,43.7837065,-79.1703804,Highland Creek Pharmacy,,,,,,,,,,POINT (-79.1703804 43.7837065)
,,Toronto,,,,,Sa-Su 09:30-14:30; Mo-Th 09:00-20:00; Fr 09:00-19:00,449,1518403524,43.6485180,-79.3968920,Health Choice Pharmacy,,,,+1-416-593-9711,M5V 2A9,,Queen Street West,https://thpharmacy.com/,,POINT (-79.39689199999999 43.648518)
,Rexall,,,yes,,,,,1518600620,43.5931672,-79.5383445,Rexall,,,,,,,,http://www.rexall.ca/,,POINT (-79.53834449999999 43.5931672)
,,,,,,,,,1599246348,43.6709720,-79.3898030,Markie Pharmacy,,,,,,,,,,POINT (-79.389803 43.670972)
,Shoppers Drug Mart,,,yes,,,,,1707803879,43.7973523,-79.1511773,Shoppers Drug Mart,,,,,,,,http://www.shoppersdrugmart.ca/,,POINT (-79.1511773 43.7973523)
,Shoppers Drug Mart,Toronto,,yes,,,,528,1707878590,43.7191541,-79.4325020,Shoppers Drug Mart,,,,+1-416-781-6128,M6A 2A1,,Lawrence Avenue West,http://www.shoppersdrugmart.ca/,limited,POINT (-79.432502 43.7191541)
,Shoppers Drug Mart,North York,,yes,,,,1859,1710542555,43.7546291,-79.3597080,Shoppers Drug Mart,,,,,,,Leslie Street,http://www.shoppersdrugmart.ca/,yes,POINT (-79.359708 43.7546291)
,Shoppers Drug Mart,Toronto,,yes,,,Mo-Su 09:00-21:00,1473,1733864947,43.6399763,-79.4390501,Shoppers Drug Mart,,,,+1-416-530-2799,M6R 1A1,,Queen Street West,http://www.shoppersdrugmart.ca/,yes,POINT (-79.4390501 43.6399763)
,,Toronto,,,,,,2891,1861798152,43.6008925,-79.5038990,Don Russell Pharmacy,,,,+1-416-251-2201,,,Lake Shore Boulevard West,,,POINT (-79.503899 43.6008925)
,Shoppers Drug Mart,,,yes,,,,,1861805900,43.6015878,-79.5022250,Shoppers Drug Mart,,,,,,,,http://www.shoppersdrugmart.ca/,,POINT (-79.502225 43.6015878)
,,,,yes,,,,,1886020928,43.6260128,-79.5033266,Royal Pharmacy,,,,+1-416-251-3007,,,,,,POINT (-79.50332659999999 43.6260128)
,,Etobicoke,,,,,,396,1886020977,43.6193503,-79.4998498,Kassel's Pharmacy,,,,+1-416-251-1126,,,Royal York Road,http://kasselspharmacy.com/,,POINT (-79.49984980000001 43.6193503)
,,,,yes,,,,,1906274191,43.6175066,-79.4875616,Akron's Guardian Pharmacy,,,,,,,,,,POINT (-79.48756160000001 43.6175066)
IDA Mimico Pharmacy,I.D.A.,,,yes,,,,,1906274307,43.6147510,-79.4889995,I.D.A.,,,,,,,,,,POINT (-79.48899950000001 43.614751)
,Pharmasave,,,,,,,,1906799292,43.6148665,-79.5575523,Pharmasave,,,,,,,,,,POINT (-79.5575523 43.6148665)
,Shoppers Drug Mart,,,yes,,,,,1907371546,43.6528291,-79.3799020,Shoppers Drug Mart,,,,,,,,http://www.shoppersdrugmart.ca/,,POINT (-79.379902 43.6528291)
,Pharmasave,,,,,,,3346,1912189498,43.5963606,-79.5260977,Pharmasave,,,,,,,Lake Shore Boulevard West,https://pharmasave.com/store/pharmasave-lake-shore-pharmacy/,,POINT (-79.52609769999999 43.5963606)
,,,,yes,,,Mo-Fr 10:00-19:00; Sa 11:00-15:00,,1928107500,43.7558548,-79.4377965,New Canyon Pharmacy,,,,,,,,,,POINT (-79.4377965 43.7558548)
,,,,,,,,,1963428370,43.7759490,-79.3222890,Rexall Guardian Green Cross Pharmacy,,,,,,,,,,POINT (-79.322289 43.775949)
,,,,,,,,,1963595319,43.7710550,-79.3699500,Main Drug Mart,,,,,,,,,,POINT (-79.36995 43.771055)
,Shoppers Drug Mart,,,yes,,,,,1963703575,43.7750696,-79.3224537,Shoppers Drug Mart,,,,,,,,http://www.shoppersdrugmart.ca/,,POINT (-79.3224537 43.7750696)
,,,,,,,,,1995567823,43.6213245,-79.5260977,Get Well Pharmacy,,,,+1-416-259-4747,,,,,,POINT (-79.52609769999999 43.6213245)
,,,,yes,,,,,2010039027,43.7889850,-79.2578150,Main Drug Mart,,,,,,,,,limited,POINT (-79.25781499999999 43.788985)
C. Goods Drugs Ltd.,Shoppers Drug Mart,North York,,yes,,,,3401,2018917923,43.7255541,-79.4552028,Shoppers Drug Mart,,,,+1-416-789-1201,M6A 2T9,,Dufferin Street,http://www.shoppersdrugmart.ca/,,POINT (-79.4552028 43.7255541)
,,,,yes,,,,,2026825270,43.7180162,-79.3307509,,,,,,,,,,,POINT (-79.3307509 43.7180162)
,,,,,,,,,2153426077,43.5978459,-79.5438866,Wellness Centre Pharmacy,,,,+1-416-621-2548,,,,,,POINT (-79.54388659999999 43.5978459)
,,,,,,,,,2266217162,43.6931722,-79.4624413,New Caledonia Pharmacy,,,,,,,,,,POINT (-79.46244129999999 43.6931722)
,,,,,,,Mo-Fr 09:30-19:00; Sa 09:00-17:00; Su closed,411,2266249075,43.6587122,-79.4881528,Lingeman IDA Pharmacy,,,,+1-416-767-8409,,,Jane Street,https://www.guardian-ida-pharmacies.ca/en/ontario/toronto/lingeman-ida-pharmacy-7028510,,POINT (-79.48815279999999 43.6587122)
,Shoppers Drug Mart,Toronto,,yes,,,,2440,2288067576,43.6591684,-79.4530098,Shoppers Drug Mart,,,,,M6P 1W9,,Dundas Street West,http://www.shoppersdrugmart.ca/,,POINT (-79.4530098 43.6591684)
Rexall I.D.A. Gabriel Medical Pharmacy,I.D.A.,,,,,,,,2337754709,43.7684761,-79.3810887,I.D.A.,,,,,,,,,,POINT (-79.38108870000001 43.7684761)
,,,,,,,,,2337758865,43.7686575,-79.3775042,Shoppers Simply Pharmacy,,,,,,,,,,POINT (-79.3775042 43.7686575)
,,,,,,,,,2342291207,43.7200070,-79.4326480,Shoppers HomeHealthCare,,,,,,,,,,POINT (-79.432648 43.720007)
,Pharmasave,Toronto,,,,,,2388,2405823216,43.6499197,-79.4825323,Pharmasave,,,,,,,Bloor Street West,,yes,POINT (-79.4825323 43.6499197)
,,,,yes,,,,,2414002930,43.6358920,-79.5399423,Dundas Kipling Pharmacy,,,,,,,,,,POINT (-79.53994230000001 43.635892)
,Shoppers Drug Mart,,,yes,,,,,2437943983,43.7916185,-79.4443447,Shoppers Drug Mart,,,,,,,,http://www.shoppersdrugmart.ca/,,POINT (-79.4443447 43.7916185)
I.D.A. Whiteside Pharmacy,I.D.A.,,,yes,,,,,2441894537,43.6744328,-79.4599201,I.D.A.,,,,,,,,,,POINT (-79.45992010000001 43.6744328)
,,,,,,,,,2486639208,43.7908271,-79.3671020,HuiChunTang Chinese Pharmacy,,,,,,,,,,POINT (-79.367102 43.7908271)
Rexall - IDA,I.D.A.,,,,,,,,2534750297,43.6823394,-79.4713135,I.D.A.,,,,,,,,,,POINT (-79.47131349999999 43.6823394)
Guardian Family Health Pharmacy,Guardian,East York,,,,,,1450,2542131767,43.7136618,-79.3068003,Guardian,,,,+1-416-285-7670,,,O'Connor Drive,,,POINT (-79.30680030000001 43.7136618)
Welcome Guardian Pharmacy,Guardian,Toronto,,,,,Mo-Fr 08:30-04:00,837,2542135569,43.6794903,-79.3406068,Guardian,,,,+1-416-466-8787,,,Danforth Avenue,,,POINT (-79.3406068 43.6794903)
,,,,,,,,,2547520858,43.7895756,-79.4175882,Willowdale Pharmacy,,,,,,,,,,POINT (-79.4175882 43.7895756)
,,,,,,,,,2547520864,43.7890287,-79.4183186,9-eleven Drug Market,,,,,,,,,,POINT (-79.41831860000001 43.7890287)
,Rexall,,,yes,,,Mo-Su 07:00-22:00,,2563940122,43.6482167,-79.3738679,Rexall,,,,,,,,,yes,POINT (-79.37386789999999 43.6482167)
,I.D.A.,,,yes,,,,,2567213764,43.6957813,-79.4490590,I.D.A.,,,,,,,,,,POINT (-79.44905900000001 43.6957813)
,,,,,,,,,2672427588,43.6673659,-79.3727467,Lord's Pharmacy,,,,,,,,,,POINT (-79.37274669999999 43.6673659)
,,,,yes,,,,,2684472465,43.6564816,-79.3761072,Metro Drugs,,,,,,,,,,POINT (-79.37610720000001 43.6564816)
,Shoppers Drug Mart,,,yes,,,,,2704257379,43.7127043,-79.4279927,Shoppers Drug Mart,,,,,,,,http://www.shoppersdrugmart.ca/,,POINT (-79.4279927 43.7127043)
,Rexall,,,yes,,,,,2721459303,43.6506220,-79.3870133,Rexall,,,,,,,,http://www.rexall.ca/,yes,POINT (-79.38701330000001 43.650622)
Rexall I.D.A. Pharmacy by the Grange,I.D.A.,,,yes,,,,,2792969573,43.6541963,-79.3906072,I.D.A. Pharmacy by the Grange,,,,,,,,,,POINT (-79.39060720000001 43.6541963)
,,Toronto,,,,,,360,2806099837,43.6572993,-79.4043338,Augusta Central Pharmacy,,,,+1-416-961-6692,,,College Street,,yes,POINT (-79.4043338 43.6572993)
,,,,,,,,,2813977202,43.6776327,-79.4434554,Biopharmacy,,,,,,,,,,POINT (-79.4434554 43.6776327)
Craig W. Smith Pharmacy Ltd.,Shoppers Drug Mart,Etobicoke,,yes,,,,25,2832162801,43.6109556,-79.5584004,Shoppers Drug Mart,,,,+1-416-621-2466,M9C 1B8,,The West Mall,http://www.shoppersdrugmart.ca/,,POINT (-79.5584004 43.6109556)
,,,,,,,,,2833168683,43.6725820,-79.3200337,L & A Pharmacy,,,,,,,Gerrard Street East,,,POINT (-79.3200337 43.672582)
,I.D.A.,,,yes,,,Mo-Fr 09:00-21:00,,2842105530,43.7753375,-79.3360997,I.D.A.,,,,,,,,,,POINT (-79.33609970000001 43.7753375)
,Shoppers Drug Mart,,,yes,,,,,2843210605,43.7411917,-79.4352996,Shoppers Drug Mart,,,,,,,,http://www.shoppersdrugmart.ca/,,POINT (-79.43529959999999 43.7411917)
,Shoppers Drug Mart,,,yes,,,,,2848623302,43.6439215,-79.4190102,Shoppers Drug Mart,,,,,,,,http://www.shoppersdrugmart.ca/,,POINT (-79.4190102 43.6439215)
,Shoppers Drug Mart,,,yes,,,,,2853026331,43.8084110,-79.2697737,Shoppers Drug Mart,,,,,,,,http://www.shoppersdrugmart.ca/,,POINT (-79.2697737 43.808411)
,,,,yes,,,,,2878348015,43.7737856,-79.3409023,Health Drug Mart,,,,,,,,,,POINT (-79.3409023 43.7737856)
,Shoppers Drug Mart,,,yes,,,,,2884373412,43.6970025,-79.5016838,Shoppers Drug Mart,,,,,,,,http://www.shoppersdrugmart.ca/,,POINT (-79.5016838 43.6970025)
,Remedy'sRx,,,yes,,,,,2901438752,43.6600927,-79.5137017,Remedy'sRx,,,,,,,,,,POINT (-79.5137017 43.6600927)
,,,,yes,,,,,2926923901,43.6887189,-79.3256005,Rumball Drug Mart,,,,,,,,,,POINT (-79.32560049999999 43.6887189)
,Rexall,,,yes,,,,,2963641838,43.7683310,-79.4131418,Rexall,,,,,,,,,,POINT (-79.41314180000001 43.768331)
,Shoppers Drug Mart,Toronto,,yes,,,Mo-Su 08:00-22:00,18,3007401068,43.6476414,-79.3709362,Shoppers Drug Mart,,,,+1-416-203-3700,M5E 1N1,,Lower Jarvis Street,http://www.shoppersdrugmart.ca/,yes,POINT (-79.3709362 43.6476414)
,Rexall,,,yes,,,,,3036236140,43.6318736,-79.5551867,Rexall,,,,,,,,http://www.rexall.ca/,,POINT (-79.55518669999999 43.6318736)
,Shoppers Drug Mart,,,yes,,,,,3042204173,43.6829908,-79.5662745,Shoppers Drug Mart,,,,,,,,http://www.shoppersdrugmart.ca/,,POINT (-79.56627450000001 43.6829908)
,,Scarborough,,,,,,2296,3097207359,43.7308529,-79.2757664,Scarborough Pharmacy,,,,,,,Eglinton Avenue East,,,POINT (-79.27576639999999 43.7308529)
,Shoppers Drug Mart,,,yes,,,,,3099830054,43.7489547,-79.5602282,Shoppers Drug Mart,,,,,,,,http://www.shoppersdrugmart.ca/,,POINT (-79.5602282 43.7489547)
,Shoppers Drug Mart,,,yes,,,,,3285162569,43.7863229,-79.4691375,Shoppers Drug Mart,,,,,,,,http://www.shoppersdrugmart.ca/,,POINT (-79.4691375 43.7863229)
,Shoppers Drug Mart,Toronto,,yes,,,,2528,3303193904,43.7468827,-79.3846841,Shoppers Drug Mart,,,,,M2L 1A9,,Bayview Avenue,http://www.shoppersdrugmart.com/,,POINT (-79.3846841 43.7468827)
,,,,,,,,,3306925588,43.6686905,-79.3723719,St. James Drug Mart,,,,,,,,,,POINT (-79.3723719 43.6686905)
,,,,yes,,,,,3306925645,43.6711478,-79.3750842,Howard Pharmacy,,,,,,,,,,POINT (-79.3750842 43.6711478)
,,,,yes,,,,,3388557767,43.6804675,-79.4730698,Keele & Rogers Medical Centre Pharmacy,,,,+1-416-651-5332,,,,,,POINT (-79.4730698 43.6804675)
,,Etobicoke,,yes,,,Mo-Th 09:00-20:00; Fr 09:00-19:00; Sa 09:00-16:00,2141,3405891056,43.7197182,-79.5695902,Kipling Pharmacy,,,,,M9W 4K8,,Kipling Avenue,,,POINT (-79.56959019999999 43.7197182)
,,Etobicoke,,,,,,1206,3418249780,43.6219718,-79.5234358,Danny's Wellness Pharmacy,,,,+1-416-901-1206,,,The Queensway,,,POINT (-79.5234358 43.6219718)
,Shoppers Drug Mart,,,yes,,,until 22:00,,3418915695,43.6230194,-79.4824595,Shoppers Drug Mart,,,,,,,,http://www.shoppersdrugmart.ca/,,POINT (-79.4824595 43.6230194)
,Rexall,,,yes,,,,,3427386575,43.6411367,-79.3784133,Rexall,,,,,,,,,yes,POINT (-79.37841330000001 43.6411367)
Guardian Eringate Pharmacy,Guardian,,,,,,,,3442201050,43.6606415,-79.5820808,Guardian,,,,,,,,,,POINT (-79.5820808 43.6606415)
,Shoppers Drug Mart,,,yes,,,,,3445656551,43.7699656,-79.1853111,Shoppers Drug Mart,,,,,,,,http://www.shoppersdrugmart.ca/,,POINT (-79.18531110000001 43.7699656)
Sam's Pharmacy,I.D.A.,Toronto,,,yongepharmacy@gmail.com,+1-416-483-8915,Mo-Fr 09:00-21:00; Sa 09:00-19:00; Su 10:00-19:00,1920,3449657275,43.6987194,-79.3969091,I.D.A.,,,,+1-416-483-3003,,,Yonge Street,http://www.ida-pharmacy.ca/,yes,POINT (-79.3969091 43.6987194)
,Guardian,,,yes,,,,,3473846042,43.7513779,-79.2635084,Guardian,,,,,,,,,,POINT (-79.26350840000001 43.7513779)
,Remedy'sRx,,,yes,,,,,3474264112,43.6371292,-79.3959932,Remedy'sRx,,,,,,,,,,POINT (-79.39599320000001 43.6371292)
,,,,,,,,,3479310607,43.7315964,-79.5992253,Humber Green Pharmacy,,,,,,,,,,POINT (-79.5992253 43.7315964)
,,,,,,,,,3479333986,43.7312395,-79.6003168,Permanent Drug Mart,,,,,,,,,,POINT (-79.6003168 43.7312395)
,Rexall,,,yes,,,,,3518382483,43.7612636,-79.4102202,Rexall,,,,,,,,,,POINT (-79.4102202 43.7612636)
,,,,yes,,,,,3534098648,43.6678958,-79.3433037,Medi Choice Pharmacy,,,,,,,,,,POINT (-79.34330370000001 43.6678958)
,Rexall,,,yes,,,,,3570691993,43.6496473,-79.3832647,Rexall,,,,,,,,,yes,POINT (-79.3832647 43.6496473)
FamilyCare Pharmacy,,Toronto,,yes,,,,1209,3600948978,43.6389440,-79.4265186,Family Care Pharmacy,,,,,,,King Street West,,,POINT (-79.42651859999999 43.638944)
,,Toronto,,yes,,,,1204,3600956704,43.6390015,-79.4276774,Charles Pharmacy,,,,,,,King Street West,,,POINT (-79.42767739999999 43.6390015)
,Pharmasave,,,yes,,,,,3601217654,43.8008131,-79.2002373,Pharmasave,,,,,,,,,,POINT (-79.2002373 43.8008131)
,,,,,,,,,3696228062,43.7973773,-79.3154149,NewTowne,,,,,,,,,,POINT (-79.31541489999999 43.7973773)
,,,,yes,,,Mo-Fr 09:00-21:00; Sa 09:00-18:00; Su 11:00-17:00,,3709240222,43.6490752,-79.3730139,Metro Pharmacy,,,,,,,,,yes,POINT (-79.3730139 43.6490752)
,,,,yes,,,,,3733761344,43.7776456,-79.3085524,Warden Medical Pharmacy,,,,,,,,,,POINT (-79.3085524 43.7776456)
,I.D.A.,,,yes,,,,,3739740193,43.7773565,-79.2326953,I.D.A.,,,,,,,,,,POINT (-79.2326953 43.7773565)
,,,,,,,,,3775862771,43.7775580,-79.3113848,FARS Medical Pharmacy,,,,,,,,,,POINT (-79.3113848 43.777558)
,,,,yes,,,,,3790360174,43.7043896,-79.3498982,Main Drug Mart,,,,,,,,,yes,POINT (-79.3498982 43.7043896)
,,,,,,,,,3796212745,43.6526297,-79.3988314,Vita Pharmacy,,,,,,,,,,POINT (-79.39883140000001 43.6526297)
,Shoppers Drug Mart,Scarborough,,,,,,85,3859894758,43.7579845,-79.3112878,Shoppers Drug Mart,,,,,M1R 4B7,,Ellesmere Road,,,POINT (-79.3112878 43.7579845)
,,,,yes,,,,,3890853004,43.7021326,-79.5224919,West King Pharmacy,,,,,,,,,,POINT (-79.52249190000001 43.7021326)
,,,,,,,,,3909486327,43.6506452,-79.5803342,Renforth IDA Pharmacy,,,,,,,,,,POINT (-79.5803342 43.6506452)
,I.D.A.,,,,,,,,3930426867,43.7209109,-79.6144696,I.D.A.,,,,,,,,,,POINT (-79.61446960000001 43.7209109)
,Guardian,,,yes,,,,,3937959655,43.6326238,-79.5447799,Guardian,,,,,,,,,,POINT (-79.54477989999999 43.6326238)
,,,,,,,,,3952041517,43.7502954,-79.5427024,Terrace Square Pharmacy,,,,,,,,,,POINT (-79.5427024 43.7502954)
,Shoppers Drug Mart,Toronto,,yes,,,,2494,4003500468,43.6880294,-79.3032774,Shoppers Drug Mart,,,,+1-416-698-1888,M4C 1K9,,Danforth Avenue,,,POINT (-79.3032774 43.6880294)
,,Toronto,,,,,,574,4015549349,43.6675517,-79.3694752,Dale's Pharmacy,,,,+1-416-921-5700,M4X 1P8,,Parliament Street,https://dalespharmacy.ca/,,POINT (-79.3694752 43.6675517)
,,,,,,,,,4031233462,43.6095963,-79.5472529,Trillium Drug Mart,,,,,,,,,,POINT (-79.5472529 43.6095963)
,,,,yes,,,,,4095621568,43.6495194,-79.3676547,St. Lawrence Pharmacy,,,,,,,,,,POINT (-79.3676547 43.6495194)
,,,,yes,,,,,4103856446,43.7594449,-79.3100250,Ellesmere Pharmacy,,,,,,,,,,POINT (-79.310025 43.7594449)
,,,,yes,,,,,4253515370,43.6606184,-79.3662373,Main Drug Mart,,,,,,,,,,POINT (-79.36623729999999 43.6606184)
,,,,yes,,,,,4314648890,43.7081445,-79.4781924,Demarco Pharmacy,,,,,,,,,,POINT (-79.4781924 43.7081445)
,,,,yes,,,,,4320388510,43.6705090,-79.4930844,White's Pharmacy,,,,+1-416-762-8221,,,,,,POINT (-79.4930844 43.670509)
,Rexall,,,yes,,,,,4326918886,43.7486260,-79.3116483,Rexall,,,,,,,,,,POINT (-79.3116483 43.748626)
,I.D.A.,,,yes,,,,1300,4331572389,43.7454105,-79.3461328,I.D.A.,,,,,,,Don Mills Road,,,POINT (-79.34613280000001 43.7454105)
,Rexall,,,,,,,,4333068690,43.7686660,-79.1871797,Rexall,,,,,,,,,,POINT (-79.1871797 43.768666)
,,North York,,yes,,,,895,4334769074,43.7358581,-79.3472758,Don Mills + Lawrence Pharmacy,,,,,,,Lawrence Avenue East,,,POINT (-79.34727580000001 43.7358581)
,,,,yes,,,,,4350148258,43.6565285,-79.3564471,Health Shield Pharmacy,,,,,,,,,,POINT (-79.3564471 43.6565285)
,,,,yes,,,,,4353327319,43.6655810,-79.3514644,Broadcon Pharmacy,,,,,,,,,,POINT (-79.3514644 43.665581)
,Walmart,,,,,,,,4356908829,43.7771075,-79.2588702,Walmart Pharmacy,,,,,,,,,,POINT (-79.2588702 43.7771075)
,,,,yes,,,,114,4412266089,43.6703022,-79.3916270,Kingsway Drugs,,,,+1-416-962-3544,,,,,,POINT (-79.391627 43.6703022)
,PharmaChoice,,,,,,,,4414106711,43.7010611,-79.5109697,PharmaChoice,,,,+1-416-235-1500,,,,,,POINT (-79.5109697 43.7010611)
Eagle Manor Pharmacy,Pharmasave,,,yes,,,,,4414950288,43.7004448,-79.5165659,Pharmasave,,,,+1-416-241-1115,,,,http://westonvillagebia.com/node/217,,POINT (-79.5165659 43.7004448)
,,,,,,,,,4420819012,43.7524483,-79.2620028,,,,,,,,,,,POINT (-79.2620028 43.7524483)
,,,,,,,,,4462701576,43.7778917,-79.2631028,Loblaw Pharmacy,,,,,,,,,,POINT (-79.2631028 43.7778917)
,,,,yes,,,,,4462780406,43.7344361,-79.2572459,Midland/Eglinton Pharmacy,,,,,,,,,,POINT (-79.2572459 43.7344361)
C.J. Singh Healthcare Inc.,Shoppers Drug Mart,Toronto,,yes,,,,761,4493583369,43.6431093,-79.4058905,Shoppers Drug Mart,,,,+1-416-306-0311,M5V 1N4,,King Street West,,yes,POINT (-79.4058905 43.6431093)
,,Etobicoke,,yes,,,,900,4535185443,43.7348001,-79.5590500,Albion Medical Pharmacy,,,,+1-647-722-2370,M9V 1A5,,Albion Road,,yes,POINT (-79.55905 43.7348001)
,,,,,,,,,4554824382,43.6532175,-79.5729848,Rathburn Healthplex PharmaCare,,,,,,,,,,POINT (-79.5729848 43.6532175)
,,North York,,yes,,,,2726,4572978034,43.7432277,-79.5144546,Stanley Life Care Pharmacy,,,,,M3L 2N1,,Jane Street,,,POINT (-79.51445459999999 43.7432277)
,,Toronto,,yes,,,,302,4621028253,43.6533999,-79.3985407,R.K. Pharmacy,,,,,,,Spadina Avenue,,,POINT (-79.3985407 43.6533999)
,Rexall,,,,,,,,4621031481,43.6531278,-79.3978246,Rexall,,,,,,,,,,POINT (-79.39782460000001 43.6531278)
HealthCareMart Pharmacy,,Toronto,,,,,"Mo-Fr 06:00-18:00, Sa 09:00-18:00, Su 09:00-13:00",1173,4632389642,43.6425920,-79.4259855,Health Care Mart Pharmacy,,,,,M6J 1J6,,Queen Street West,,,POINT (-79.4259855 43.642592)
,Rexall,,,,,,,,4652769080,43.6680923,-79.4408829,Rexall,,,,,,,,,yes,POINT (-79.44088290000001 43.6680923)
,,,,,,,,,4786280732,43.5899635,-79.5450666,Solara Pharmacy,,,,+1-416-259-2000,,,,,,POINT (-79.5450666 43.5899635)
,Remedy'sRx,,,yes,,,,,4869895043,43.7519353,-79.2612317,Remedy'sRx,,,,,,,,,,POINT (-79.2612317 43.7519353)
,,,,,,,,,4922951504,43.6758147,-79.3581875,Broadview Medical Pharmacy,,,,,,,,,,POINT (-79.3581875 43.6758147)
,,,,,,,,,5016412494,43.6826579,-79.4634448,,,,,,,,,,,POINT (-79.4634448 43.6826579)
,,Toronto,,,,,,1290,5022507099,43.6586467,-79.4420394,Metro Drugs,,,,,,,Bloor Street West,http://www.metrodrugs.ca/,,POINT (-79.4420394 43.6586467)
,,Toronto,,,,,,1254,5022507106,43.6589853,-79.4403523,Ultra Bloor Pharmacy,,,,+1-416-792-3021,,,Bloor Street West,,,POINT (-79.4403523 43.6589853)
Andrew's Pharmacy,Pharmasave,,,,,,,3832,5045251803,43.6413074,-79.5384056,Pharmasave,,,,+1-416-231-0007,,,Bloor Street West,https://pharmasave.com/store/pharmasave-andrews-pharmacy/,,POINT (-79.5384056 43.6413074)
,Shoppers Drug Mart,,,yes,,,,,5079035115,43.7002950,-79.4278599,Shoppers Drug Mart,,,,,,,,,,POINT (-79.4278599 43.700295)
,Rexall,,,yes,,,,,5079046852,43.7004230,-79.4272015,Rexall,,,,,,,,,,POINT (-79.4272015 43.700423)
,,,,,,,,,5126304525,43.8103727,-79.2798248,Brimley Pharmacy,,,,,,,,,,POINT (-79.2798248 43.8103727)
,Rexall,,,,,,,,5154126004,43.7287782,-79.4179727,Rexall,,,,,,,,,,POINT (-79.41797270000001 43.7287782)
Islington Village PharamaPlus Drugmart,Rexall,,,,,,,,5159436051,43.6494215,-79.5284106,Rexall,,,,,,,,,,POINT (-79.5284106 43.6494215)
,I.D.A.,,,,,,,,5220291173,43.6806754,-79.2828786,I.D.A.,,,,,,,,,,POINT (-79.2828786 43.6806754)
,,,,,,,,,5220419141,43.6901438,-79.2876943,Main Drug Mart,,,,,,,,,,POINT (-79.2876943 43.6901438)
,,,,,,,,,5224609769,43.7537334,-79.4879506,JC Pharmacy,,,,,,,,,,POINT (-79.4879506 43.7537334)
,,,,yes,,,,,5260077481,43.8008112,-79.3000473,Finch Discount Pharmacy,,,,,,,,,,POINT (-79.3000473 43.8008112)
,Remedy'sRx,,,yes,,,,,5260077482,43.8008974,-79.3001023,Remedy'sRx,,,,,,,,,,POINT (-79.30010230000001 43.8008974)
,,,,,,,,,5266291981,43.7691984,-79.3706253,,,,,,,,,,,POINT (-79.3706253 43.7691984)
,Shoppers Drug Mart,,,yes,,,,,5275599411,43.7141980,-79.3780084,Shoppers Drug Mart,,,,,,,,,yes,POINT (-79.3780084 43.714198)
,Rexall,,,yes,,,,,5368638622,43.7257371,-79.4835666,Rexall,,,,,,,,,,POINT (-79.4835666 43.7257371)
,,North York,,,,,,3292,5396368121,43.7898221,-79.3935986,Metro Drugs,,,,+1-416-223-3332,,,Bayview Avenue,,yes,POINT (-79.3935986 43.7898221)
,Shoppers Drug Mart,,,yes,,,,,5410066088,43.7745211,-79.5009839,Shoppers Drug Mart,yes,yes,yes,,,,,,,POINT (-79.50098389999999 43.7745211)
,,Toronto,,,,,,557,5427172421,43.6672770,-79.3814600,Well + Good Pharmacy,,,,+1-416-532-5007,,,Church Street,,yes,POINT (-79.38146 43.667277)
,,Toronto,,,,,,499,5431675522,43.6559372,-79.4096394,The Palmerston Pharmacy & HomeCare,,,,+1-416-929-4499,,,College Street,,yes,POINT (-79.4096394 43.6559372)
,,Toronto,,,,,,528,5431677223,43.6559573,-79.4108962,College Pharmacy II,,,,+1-416-944-9793,,,College Street,,yes,POINT (-79.4108962 43.6559573)
,,Toronto,,,,,,673,5437522548,43.6550394,-79.4171562,College Drug Mart,,,,+1-416-516-4978,,,College Street,,yes,POINT (-79.41715619999999 43.6550394)
Duke Pharmacy,Remedy'sRx,Toronto,,,,,,2798,5442962136,43.6654874,-79.4626692,Remedy'sRx,,,,+1-416-767-8800,,,Dundas Street West,,yes,POINT (-79.46266919999999 43.6654874)
,,,,,,,,,5642654268,43.6920928,-79.4674607,Walk In Clinic Westside Pharmacy,,,,,,,,,,POINT (-79.4674607 43.6920928)
,,,,,,,,,5646586422,43.6815864,-79.3326250,Danforth Central Walk-In Clinic & Pharmacy,,,,,,,,,,POINT (-79.33262499999999 43.6815864)
,Shoppers Drug Mart,Toronto,,yes,,,,4990,5673546434,43.7658425,-79.4123348,Shoppers Drug Mart,,,,,M2N 0A1,,Yonge Street,,,POINT (-79.4123348 43.7658425)
,,Etobicoke,,,,,,1111,5709308721,43.7370673,-79.5658425,Medi Plus Pharmacy,,,,+1-416-744-8264,M9V 1A9,,Albion Road,,no,POINT (-79.5658425 43.7370673)
,,Toronto,,,,,,474,5720505421,43.6563417,-79.4091983,College Medical Pharmacy,,,,+1-416-961-2191,M6G 1A4,,College Street,,yes,POINT (-79.4091983 43.6563417)
,,Toronto,,,,,,828,5720610221,43.6517553,-79.4092931,Dr. Daniel Wong M.D.Dundas Euclid Pharmacy,,,,+1-416-693-6688,M6J 1V3,,Dundas Street West,,yes,POINT (-79.4092931 43.6517553)
,,Toronto,,,,,,565,5721484721,43.6553282,-79.4127287,St.Michael's Drug Mart,,,,+1-416-532-2881,M6G 1B2,,College Street,,no,POINT (-79.4127287 43.6553282)
,,Toronto,,,,,,461,5741810641,43.6642282,-79.3802027,MedsEXPERT Pharmacy,,,,+1-416-992-6337,M4Y 2C5,,Church Street,https://www.medsexpert.ca,no,POINT (-79.3802027 43.6642282)
,,Toronto,,,,,,453,5749503823,43.6640386,-79.3801213,Ottway Herbs & Vitamins,,,,+1-416-967-9222,M4Y 2C5,,Church Street,http://www.ottway.com,yes,POINT (-79.3801213 43.6640386)
,,Toronto,,,,,,473,5751842422,43.6645126,-79.3803247,The Village Pharmacy,,,,+1-416-967-9221,M4Y 2C5,,Church Street,https://thevillagepharmacy.ca,no,POINT (-79.3803247 43.6645126)
Pharmasave Cabbagetown Pharmacy,Pharmasave,Toronto,,,,,,457,5782158958,43.6636039,-79.3675059,Pharmasave,,,,+1-416-920-6337,M5A 3A3,,Parliament Street,,yes,POINT (-79.3675059 43.6636039)
,,Toronto,,,,,,572,5784469056,43.6741200,-79.3851761,Dale's Pharmacy,,,,+1-416-921-5700,M4X 1P8,,Parliament Street,,limited,POINT (-79.3851761 43.67412)
,,,,,,,,,5793619262,43.7563623,-79.5190161,Pharmacia Drugs,,,,,,,,,,POINT (-79.5190161 43.7563623)
,,,,,,,,,5794303491,43.6278300,-79.5029513,Citrus Pharmacy,,,,+1-647-345-5115,,,,https://citruspharmacy.ca/,,POINT (-79.50295130000001 43.62783)
,,,,,,,,,5827673488,43.6209499,-79.4834580,,,,,,,,,,,POINT (-79.483458 43.6209499)
,Shoppers Drug Mart,,,,,,Mo-Su 08:00-22:00,,5854883745,43.6452279,-79.3968824,Shoppers Drug Mart,,,,,,,King Street West,,yes,POINT (-79.3968824 43.6452279)
,,Etobicoke,,yes,,,Mo-Sa 09:00-19:00,1701,5917075337,43.7330378,-79.5889027,John Garland Pharmacy & Walkin Clinic,yes,yes,yes,,M9V 4N4,,Martin Grove Road,,,POINT (-79.58890270000001 43.7330378)
,Shoppers Drug Mart,,,yes,,,,,5923049929,43.6777039,-79.3895544,Shoppers Drug Mart,,,,,,,,,,POINT (-79.38955439999999 43.6777039)
,Rexall,,,,,,Mo-Su 08:00-22:00,,6074857121,43.6433455,-79.4224754,Rexall,,,,,,,,,,POINT (-79.4224754 43.6433455)
,,Toronto,,yes,,,,1705,6167011707,43.6741488,-79.4594899,Green Medical Pharmacy,,,,,,,St. Clair Avenue West,,,POINT (-79.45948989999999 43.6741488)
,,Toronto,,,,,,160,6184565003,43.6367837,-79.4370076,Parkdale Pharmacy,,,,+1-416-516-2039,,,Springhurst Avenue,,,POINT (-79.4370076 43.6367837)
,,Toronto,,,,,,15,6240358432,43.6476650,-79.4202532,United Drug Mart,,,,+1-416-533-8511,,,Ossington Avenue,,,POINT (-79.4202532 43.647665)
,,Toronto,,,,,"Mo-Fr 09:30-18:30, Sa 09:30-14:00",1168A,6240358483,43.6494719,-79.4219182,Well.ca Pharmacy,,,,,,,Dundas Street West,,,POINT (-79.42191819999999 43.6494719)
,Rexall,,,yes,,,"Mo-Fr 07:00-22:00; Sa,Su 09:00-20:00",48,6294585477,43.6479288,-79.3775319,Rexall,,,,+1-416-366-4355,M5E 1G6,,Yonge Street,,,POINT (-79.37753189999999 43.6479288)
,I.D.A.,,,,,,,290,6302674400,43.6346464,-79.5624720,I.D.A.,,,,,,,The West Mall,,,POINT (-79.562472 43.6346464)
,,,,,,,,4335,6302684165,43.6309011,-79.5758488,Markland Woods Pharmacy,,,,,,,Bloor Street West,,,POINT (-79.5758488 43.6309011)
,,,,,,,,3101,6304924273,43.6462414,-79.5154662,Cosmo Pharmacy,,,,,,,Bloor Street West,,,POINT (-79.51546620000001 43.6462414)
Meds Canadian Compounding Pharmacy,,,,,,,,2920,6306324884,43.6484278,-79.5072017,Meds,,,,+1-416-239-3566,,,Bloor Street West,https://www.medspharmacy.ca/canadian-compounding-pharmacy,,POINT (-79.5072017 43.6484278)
,,,,,,,,1500,6307475018,43.6922451,-79.5318827,Drugtown Pharmacy,,,,,,,Royal York Road,,,POINT (-79.5318827 43.6922451)
,,,,,,,,1451,6307488792,43.6868698,-79.5280391,Trillium Drug Mart,,,,,,,Royal York Road,,,POINT (-79.5280391 43.6868698)
,,,,yes,,,,,6310367716,43.6323024,-79.5521098,Cloverdale Pharmacy,,,,,,,,,,POINT (-79.5521098 43.6323024)
,,,,,,,,140,6314606860,43.6856004,-79.5237409,La Rose Pharmacy,,,,,,,La Rose Avenue,,,POINT (-79.52374090000001 43.6856004)
,,,,,,,,320,6315140373,43.6822729,-79.5104264,Metro Drugs,,,,,,,Scarlett Road,,,POINT (-79.5104264 43.6822729)
,,,,yes,,,,,6318936243,43.6970474,-79.5440998,Westown Pharmacy,,,,,,,,,,POINT (-79.5440998 43.6970474)
,Shoppers Drug Mart,,,yes,,,,25,6323429364,43.6117441,-79.5566965,Shoppers Drug Mart,,,,,,,The West Mall,,,POINT (-79.5566965 43.6117441)
,,,,yes,,,,,6324242327,43.6890840,-79.5423459,Westway Pharmacy,,,,,,,,,,POINT (-79.5423459 43.689084)
,,,,,,,,,6325961208,43.6399245,-79.4463591,Sunnyside Medical Pharmacy,,,,+1-416-537-3777,,,,,,POINT (-79.4463591 43.6399245)
,,Toronto,,yes,,,,15,6325961215,43.6393470,-79.4461271,B&A Medical Pharmacy,,,,+1-416-537-4101,,,Roncesvalles Avenue,,,POINT (-79.4461271 43.639347)
,,Toronto,,,,,,2333,6328178479,43.6559257,-79.4525161,Bloor-Dundas Pharmacy,,,,,,,Dundas Street West,,,POINT (-79.4525161 43.6559257)
,,,,,,,,,6328178813,43.6549505,-79.4495147,Loblaws,,,,,,,,,,POINT (-79.44951469999999 43.6549505)
,,,,,,,,,6328178819,43.6543887,-79.4517289,Datu's Pharmacy,,,,+1-416-588-4559,,,,,,POINT (-79.45172890000001 43.6543887)
,,,,yes,,,,,6328248453,43.7162625,-79.5538096,Procare Pharmacy,,,,,,,,,,POINT (-79.55380959999999 43.7162625)
,PharmaChoice,,,,,,,500,6332267982,43.7212060,-79.5999572,PharmaChoice,,,,,,,Rexdale Boulevard,,,POINT (-79.59995720000001 43.721206)
Islington Pharmacy,I.D.A.,,,yes,,,,,6333655992,43.7234815,-79.5598478,I.D.A.,,,,,,,,,,POINT (-79.5598478 43.7234815)
Kipling Heights Pharmacy,PharmaChoice,,,yes,,,,,6333707749,43.7289257,-79.5737522,PharmaChoice,,,,,,,,,,POINT (-79.5737522 43.7289257)
,,,,yes,,,,,6334287540,43.7415920,-79.5894623,Albion-Finch Pharmacy,,,,,,,,,,POINT (-79.58946229999999 43.741592)
Rexdale Pharmacy,Pharmasave,,,yes,,,,1620,6334287545,43.7419360,-79.5916440,Pharmasave,,,,,,,Albion Road,,,POINT (-79.591644 43.741936)
,,,,yes,,,,,6334374226,43.7505967,-79.5861478,Grace Pharmacy,,,,,,,,,,POINT (-79.58614780000001 43.7505967)
,,,,yes,,,,,6334374236,43.7507629,-79.5842109,Kipling Medical Pharmacy,,,,,,,,,,POINT (-79.5842109 43.7507629)
,,,,yes,,,,,6334392485,43.7567857,-79.5893594,Shih Pharmacy,,,,,,,,,,POINT (-79.58935940000001 43.7567857)
,,,,yes,,,,,6334466324,43.7350675,-79.6023300,Westmore Pharmacy,,,,,,,,,,POINT (-79.60232999999999 43.7350675)
,,,,yes,,,,,6334482675,43.7352684,-79.6057335,Total Health Pharmacy,,,,,,,,,,POINT (-79.6057335 43.7352684)
,,Toronto,,,,,,836,6340610368,43.6625475,-79.4237464,Ossington Medical Pharmacy,,,,+1-416-516-9998,,,Bloor Street West,,,POINT (-79.4237464 43.6625475)
,Shoppers Drug Mart,Toronto,,,,,,958,6340806340,43.6614900,-79.4285459,Shoppers Drug Mart,,,,,,,Bloor Street West,,,POINT (-79.4285459 43.66149)
Guardian Bloorcourt Pharmacy,Guardian,Toronto,,,,,,936,6340806372,43.6616598,-79.4277084,Guardian,,,,,,,Bloor Street West,,,POINT (-79.4277084 43.6616598)
,,,,yes,,,,2105,6340988709,43.7023913,-79.5233832,Central Weston Pharmacy,,,,,,,Weston Road,,,POINT (-79.5233832 43.7023913)
,,,,yes,,,,,6340988723,43.7014397,-79.5214787,Total Health Pharmacy,,,,,,,,,,POINT (-79.5214787 43.7014397)
,,,,yes,,,,,6341008990,43.7011757,-79.5173473,Associated Pharmacists,,,,,,,,,,POINT (-79.5173473 43.7011757)
Westlaw Pharmacy,Guardian,,,yes,,,,,6341009003,43.7003660,-79.5174344,Guardian,,,,,,,,,,POINT (-79.5174344 43.700366)
,,,,yes,,,,,6341020722,43.6997951,-79.5184434,River Hll Pharmacy,,,,,,,,,,POINT (-79.5184434 43.6997951)
,,Toronto,,,,,,1640,6342119001,43.6556336,-79.4564275,Parkside Remedy's RX,,,,,,,Bloor Street West,,,POINT (-79.4564275 43.6556336)
,,,,yes,,,,,6342147271,43.6890501,-79.4958161,Weston Jane Pharmacy,,,,,,,,,,POINT (-79.4958161 43.6890501)
,,Toronto,,,,,,849,6343511089,43.6622783,-79.4237018,Bloor Street Pharmacy,,,,+1-416-537-4649,,,Bloor Street West,https://www.bloorstpharmacy.com/,,POINT (-79.4237018 43.6622783)
,Shoppers Drug Mart,,,,,,,,6347654889,43.6666823,-79.4474682,Shoppers Drug Mart,,,,,,,,,,POINT (-79.4474682 43.6666823)
,,,,yes,,,,,6348433227,43.7384219,-79.5399796,Weston Care Pharmacy,,,,,,,,,,POINT (-79.5399796 43.7384219)
,,,,yes,,,,,6348493746,43.7512863,-79.5442910,Discount Drugs,,,,,,,,,,POINT (-79.544291 43.7512863)
,,,,yes,,,,,6348638707,43.7514593,-79.5431609,Finch Weston Pharmacy,,,,,,,,,,POINT (-79.5431609 43.7514593)
,,,,yes,,,,,6348659397,43.7527999,-79.5406622,Sherbourne Pharmacy & Medical Clinic,,,,,,,,,,POINT (-79.5406622 43.7527999)
,,,,,,,,,6349823731,43.6571710,-79.4032815,Raxlan Pharmacy,,,,,,,,,,POINT (-79.40328150000001 43.657171)
,,,,yes,,,,,6350077603,43.7497691,-79.5499658,Main Drug Mart,,,,,,,,,,POINT (-79.5499658 43.7497691)
St. Joseph Pharmacy,I.D.A.,,,yes,,,,,6352773235,43.7563403,-79.5695087,I.D.A.,,,,,,,,,,POINT (-79.5695087 43.7563403)
,,,,yes,,,,,6352773262,43.7579027,-79.5706153,Humber Summit Pharmacy,,,,,,,,,,POINT (-79.5706153 43.7579027)
,,,,yes,,,,,6357163309,43.7192126,-79.5075559,Jane Wilson Pharmacy,,,,,,,,,,POINT (-79.5075559 43.7192126)
,,,,yes,,,,,6357407735,43.7053233,-79.5047809,Jane Pharmacy,,,,,,,,,,POINT (-79.5047809 43.7053233)
,,,,yes,,,,,6359314421,43.6990544,-79.5024908,The Pharmacy Network,,,,,,,,,,POINT (-79.5024908 43.6990544)
,Guardian,,,yes,,,,,6359374081,43.6775410,-79.4957255,Guardian,,,,,,,,,,POINT (-79.49572550000001 43.677541)
,,,,yes,,,,,6359375691,43.6771889,-79.4945704,Jane Park Pharmacy,,,,,,,,,,POINT (-79.4945704 43.6771889)
,,,,,,,,,6365262314,43.6492885,-79.4837082,Action Pharmacy,,,,+1-416-766-2401,,,,,,POINT (-79.4837082 43.6492885)
,,,,yes,,,,,6367927561,43.7386511,-79.5120747,Pharmatrust,,,,,,,,,,POINT (-79.5120747 43.7386511)
,,,,yes,,,,,6367927581,43.7398557,-79.5143128,Sav-On Drug Mart,,,,,,,,,,POINT (-79.5143128 43.7398557)
,,,,yes,,,,,6368030228,43.7413024,-79.5141777,Homa Pharmacy,,,,,,,,,,POINT (-79.5141777 43.7413024)
,,,,yes,,,,,6369405377,43.7483342,-79.5159070,Jane Central Pharmacy,,,,,,,,,,POINT (-79.515907 43.7483342)
,,,,yes,,,,,6369405384,43.7518681,-79.5154072,Super Care Pharmacy,,,,,,,,,,POINT (-79.5154072 43.7518681)
,I.D.A.,,,yes,,,,1,6370871231,43.7588292,-79.5198799,I.D.A.,,,,,,,York Gate Boulevard,,,POINT (-79.51987990000001 43.7588292)
,Rexall,,,yes,,,,,6371265833,43.7696221,-79.5211099,Rexall,,,,,,,,,,POINT (-79.5211099 43.7696221)
,,,,,,,,,6376106530,43.6495340,-79.4405629,No Frills Pharmacy,,,,,,,,,,POINT (-79.4405629 43.649534)
,,Toronto,,,,,,2209-2215,6382229190,43.6510813,-79.4758970,The Healing Source Pharmacy,,,,+1-416-769-1717,,,Bloor Street West,http://healingsourcepharmacy.ca/,,POINT (-79.475897 43.6510813)
Guardian Unicare Pharmacy,Guardian,,,,,,,,6386821112,43.5982052,-79.5179178,Guardian,,,,,,,,,,POINT (-79.51791780000001 43.5982052)
,,,,,,,,,6396195243,43.6302706,-79.4764388,Medicine Cabinet Pharmacy,,,,,,,,,,POINT (-79.4764388 43.6302706)
,,,,,,,,,6401671402,43.6883264,-79.3001975,Danforth Main Pharmacy,,,,,,,,,,POINT (-79.3001975 43.6883264)
,,,,,,,Mo-Th 09:00-20:30; Fr 09:00-17:30; Sa 09:00-12:00,,6418586552,43.6480833,-79.5054777,Prince Edward Pharmacy,,,,+1-647-748-3331,,,,,,POINT (-79.5054777 43.6480833)
,Guardian,,,,,,,,6444340003,43.6196133,-79.5486063,Guardian,,,,+1-416-255-4500,,,,https://www.guardian-ida-pharmacies.ca/en/ontario/etobicoke/etobicoke-clinic-guardian-pharmacy-7023212,,POINT (-79.5486063 43.6196133)
,,Toronto,,yes,,,,100,6481885104,43.6398915,-79.4176930,Metro Pharmacy,,,,,,,Lynn Williams Street,,yes,POINT (-79.417693 43.6398915)
,,Toronto,,,,,,200,6483208721,43.6503196,-79.3972921,Cadence Health Centre,,,,,,,Spadina Avenue,,,POINT (-79.3972921 43.6503196)
,,,,,,,Mo-Fr 09:00-21:00; Sa 09:00-19:00; Su 09:00-18:00,,6489624296,43.6439443,-79.5596597,Loblaws Pharmacy,,,,,,,,,,POINT (-79.5596597 43.6439443)
,,,,yes,,,,,6491200595,43.6653227,-79.4739317,Junction Chemist,,,,,,,,,,POINT (-79.47393169999999 43.6653227)
,,,,,,,,,6491497038,43.6305677,-79.4806042,Sobeys Pharmacy,,,,,,,,,,POINT (-79.4806042 43.6305677)
,,,,yes,,,,1460,6493366619,43.6407729,-79.4363396,Vina Pharmacy,,,,,,,Queen Street West,,,POINT (-79.4363396 43.6407729)
,Guardian,,,,,,,,6512005433,43.6452287,-79.5222482,Guardian,,,,,,,,,,POINT (-79.52224820000001 43.6452287)
,,,,,,,,,6533178797,43.6551315,-79.4149377,Medi-Place Pharmacy,,,,+1-416-588-8780,,,,,,POINT (-79.4149377 43.6551315)
,,,,yes,,,,,6538354257,43.7685166,-79.5207057,Jane Shoreham Pharmacy,,,,,,,,,,POINT (-79.52070569999999 43.7685166)
Lily Pharmacy,I.D.A.,,,yes,,,,,6538387678,43.7404264,-79.5121775,I.D.A.,,,,,,,,,,POINT (-79.51217750000001 43.7404264)
Sheridan Pharmacy,I.D.A.,,,yes,,,,1700,6538401882,43.7212506,-79.5115024,I.D.A.,,,,,,,Wilson Avenue,,,POINT (-79.5115024 43.7212506)
,,,,yes,,,,,6538429453,43.7193837,-79.5118626,Beverly Hills Pharmacy,,,,,,,,,,POINT (-79.5118626 43.7193837)
,,,,yes,,,,,6543870206,43.7278410,-79.4781272,Humber Pharmacy,,,,,,,,,,POINT (-79.4781272 43.727841)
,,,,yes,,,,,6543870353,43.7266557,-79.4804194,Wilson Compounding Pharmacy,,,,,,,,,,POINT (-79.4804194 43.7266557)
,Shoppers Drug Mart,,,yes,,,,6464,6545238879,43.7962643,-79.4223893,Shoppers Drug Mart,,,,,,,Yonge Street,,,POINT (-79.42238930000001 43.7962643)
Pharmacare Pharmacy,I.D.A.,,,yes,,,,,6545539573,43.7304801,-79.4684988,I.D.A.,,,,,,,,,,POINT (-79.46849880000001 43.7304801)
,Pharmasave,,,yes,,,,,6545575948,43.7307731,-79.4673020,Pharmasave,,,,,,,,,,POINT (-79.467302 43.7307731)
,,,,yes,,,,,6545586946,43.7314854,-79.4639590,Nhatrang Drug Mart,,,,,,,,,,POINT (-79.463959 43.7314854)
,Pharmasave,,,,,,,,6548256889,43.6413570,-79.3997169,Pharmasave,,,,,,,,,,POINT (-79.3997169 43.641357)
,,,,yes,,,,,6548584914,43.7138302,-79.4539004,John & Jack Pharmacy,,,,,,,,,,POINT (-79.45390039999999 43.7138302)
,,,,yes,,,,,6549482186,43.7086175,-79.4539980,Glen Park Pharmacy,,,,,,,,,,POINT (-79.453998 43.7086175)
,,,,yes,,,,,6549549787,43.7025054,-79.4530326,Briarhill Pharmacy,,,,,,,,,,POINT (-79.4530326 43.7025054)
,,,,yes,,,,,6549739309,43.6961992,-79.4486202,Eglinton Discount Drugs,,,,,,,,,,POINT (-79.44862019999999 43.6961992)
,,,,yes,,,,,6549779026,43.6960642,-79.4478358,Northcliffe Pharmacy,,,,,,,,,,POINT (-79.44783579999999 43.6960642)
,,,,yes,,,,,6551628755,43.6584108,-79.4083371,St. George Drug Mart,,,,,,,,,,POINT (-79.4083371 43.6584108)
,,,,yes,,,,,6551673028,43.6392399,-79.3997576,Bloom Pharmacy,,,,,,,,,,POINT (-79.3997576 43.6392399)
,Shoppers Drug Mart,,,yes,,,,1090,6552019216,43.6401924,-79.4219751,Shoppers Drug Mart,,,,,,,King Street West,https://www1.shoppersdrugmart.ca/en/store-locator/store/1005,,POINT (-79.4219751 43.6401924)
,,,,,,,,,6554662244,43.7514149,-79.5998291,Silverstone Pharmacy,,,,,,,,,,POINT (-79.59982909999999 43.7514149)
,,,,,,,,,6554677018,43.7441103,-79.6045518,Albion Drug Store,,,,,,,,,,POINT (-79.6045518 43.7441103)
,Shoppers Drug Mart,,,yes,,,,,6589755225,43.7761649,-79.2572582,Shoppers Drug Mart,,,,,,,,,,POINT (-79.2572582 43.7761649)
Kanan's Pharmacy,Guardian,,,yes,,,,,6592650704,43.7435559,-79.2146648,Guardian,,,,,,,,,,POINT (-79.21466479999999 43.7435559)
,,,,yes,,,,,6593325672,43.7439189,-79.2179057,Supercare Pharmacy,,,,,,,,,,POINT (-79.2179057 43.7439189)
,,,,yes,,,,,6593940948,43.7429765,-79.2210700,Best Care Village Pharmacy,,,,,,,,,,POINT (-79.22107 43.7429765)
,,,,yes,,,,,6593958409,43.7455772,-79.2204511,Sunrise Pharmacy,,,,,,,,,,POINT (-79.22045110000001 43.7455772)
,,,,yes,,,,,6594582090,43.7617613,-79.2266083,,,,,,,,,,,POINT (-79.2266083 43.7617613)
,,,,yes,,,,,6594592580,43.7674900,-79.2287982,Apothe,,,,,,,,,,POINT (-79.2287982 43.76749)
,Remedy'sRx,,,yes,,,,,6600812035,43.7584331,-79.2337994,Remedy'sRx,,,,,,,,,,POINT (-79.2337994 43.7584331)
,Pharmasave,,,yes,,,,,6600812041,43.7596926,-79.2270095,Pharmasave,,,,,,,,,,POINT (-79.22700949999999 43.7596926)
,,,,yes,,,,,6600846482,43.7625038,-79.2147551,Golfdale Pharmacy,,,,,,,,,,POINT (-79.2147551 43.7625038)
,,,,yes,,,,,6600852110,43.7596918,-79.2233048,Mercury Drugs,,,,,,,,,,POINT (-79.22330479999999 43.7596918)
,PharmaChoice,,,yes,,,,,6600852114,43.7607905,-79.2226918,PharmaChoice,,,,,,,,,,POINT (-79.22269180000001 43.7607905)
,,,,yes,,,,,6603447373,43.8061011,-79.2207262,Medicine Shoppe Pharmacy,,,,,,,,,,POINT (-79.2207262 43.8061011)
Rylander Pharmacy,Pharmasave,,,yes,,,,,6612435277,43.7980445,-79.1485714,Pharmasave,,,,,,,,,,POINT (-79.14857139999999 43.7980445)
,I.D.A.,,,,,,,,6647305062,43.6377290,-79.4886817,I.D.A.,,,,,,,,,,POINT (-79.4886817 43.637729)
,Shoppers Drug Mart,,,,,,,,6678059486,43.6556729,-79.3804371,Shoppers Drug Mart,,,,,,,,,,POINT (-79.38043709999999 43.6556729)
,Shoppers Drug Mart,,,,,,,,6680665666,43.7622320,-79.4102442,Shoppers Drug Mart,,,,,,,,,,POINT (-79.41024419999999 43.762232)
,,,,,,,,911,6685670202,43.6606260,-79.3415418,Wood Green Discount Pharmacy,,,,,,,Queen Street East,,,POINT (-79.3415418 43.660626)
,,,,,,,,,6685670272,43.6596403,-79.3469612,St. Mary Pharmacy,,,,,,,,,,POINT (-79.3469612 43.6596403)
,,Scarborough,,yes,,,,2900,6762402713,43.7392780,-79.2382141,Ash Medical Pharmacy,,,,,M1J 2E4,,Eglinton Avenue East,,,POINT (-79.23821409999999 43.739278)
,,,,yes,,,,,6826947349,43.6980641,-79.3963165,Pharmasave Davisville Pharmacy,,,,,,,,,,POINT (-79.3963165 43.6980641)
,,,,,,,Mo-Fr 09:00-21:00; Sa-Su 09:00-17:00,200,6904197254,43.6511779,-79.3662711,No Frills Pharmacy,,,,,,,Front Street East,,,POINT (-79.36627110000001 43.6511779)
,,,,,,,,997,6923444577,43.6685657,-79.3380328,Total Health Pharmacy,,,,,,,Gerrard Street East,,,POINT (-79.33803279999999 43.6685657)
,,,,,,,,,6923531985,43.6687316,-79.3372529,Vina Pharmacy,,,,,,,,,,POINT (-79.3372529 43.6687316)
,,,,,,,,,6991020710,43.6392790,-79.5621387,One Eva Pharmacy,,,,,,,,,,POINT (-79.56213870000001 43.639279)
,,,,yes,,,,,7021803729,43.7776679,-79.4153040,,,,,,,,,,,POINT (-79.41530400000001 43.7776679)
,,,,yes,,,,,7078198354,43.6650363,-79.3876855,Pharmasave,,,,,,,,,,POINT (-79.3876855 43.6650363)
,,Toronto,,yes,,,,2760,7120482520,43.7186694,-79.4011390,Glengrove Pharmacy,,,,,,,Yonge Street,,,POINT (-79.401139 43.7186694)
,Shoppers Drug Mart,Toronto,,yes,,,Mo-Su 08:00-22:00,593,7147311082,43.6602426,-79.3613500,Shoppers Drug Mart,,,,,M5A 3H6,Ontario,Dundas Street East,,,POINT (-79.36135 43.6602426)
,Pharmasave,Toronto,CA,yes,,,,1275,7185546702,43.7639044,-79.4874792,Pharmasave,,,,,M3J 2G5,ON,Finch Avenue West,,,POINT (-79.4874792 43.7639044)
